"player","gmli","pli","inli","exli"
112526,0.858541176470588,0.928498819362456,0.890993560606061,1.04207647058824
120074,1.02879072847682,1.04389983974359,1.04554389067524,NA
121347,1.20290615384615,1.12398595041322,1.12812033195021,NA
134181,0.988400653594771,1.03986161137441,1.04127911392405,NA
136860,0.938209933774834,1.04234500846024,1.04398169491525,NA
150029,0.906822377622378,0.976901326699834,0.978488704318937,NA
150229,1.23756125,1.08356317829457,1.08356317829457,NA
150274,1.17467,1.36188571428571,1.17467,0.9271
276351,1.41491492537313,1.5183644,1.42284428571429,1.29993731343284
276519,0.87360243902439,1.10792469879518,1.10792469879518,NA
276542,1.41861568627451,1.53976919191919,1.4043320754717,1.27124509803922
279571,0.917885,0.703977005347594,0.804054098360656,0.8206025
282332,0.828686666666667,1.06440026246719,0.943136269430052,1.14875666666667
285064,0.906625,0.961005235602094,0.864502702702703,0.967633333333333
285079,0.967832258064516,0.939416115702479,0.861665934065934,1.10666666666667
346798,0.8092,1.10153541666667,0.98622,0.3785
346874,0.793764383561644,0.898575294117647,0.898575294117647,NA
400085,1.07209357142857,1.01812093663912,1.02292271468144,NA
400121,1.00840454545455,1.05138207236842,1.05646870860927,NA
400284,0.98503503649635,0.974912121212121,0.979800896057348,NA
405395,1.03486447368421,1.1115975308642,1.11483978328173,NA
407781,0.853947058823529,1.01548682170543,1.0233890625,NA
407793,0.814775862068965,0.966267447595561,0.914726335877863,1.17134137931034
407812,0.94717247706422,1.02354255319149,1.0259144549763,NA
407819,0.499333333333333,0.397925,0.474394736842105,0.408922222222222
407822,0.805807407407407,0.891781664098613,0.78152,0.902896296296296
407845,1.5991776119403,1.85191850533808,1.60733802816901,0.649371641791045
407890,0.813815789473684,0.98228067940552,0.925878333333333,1.32182631578947
407893,1.16316071428571,1.09411670480549,1.09659541284404,NA
407908,1.37324193548387,1.00697438016529,1.21992571428571,1.23847419354839
408045,0.79869022556391,1.08768813263525,1.08958793706294,NA
408047,1.17763965517241,1.16062407407407,1.16062407407407,NA
408061,1.96213278688525,2.10552051282051,1.94902272727273,0.116272131147541
408234,0.804589240506329,0.980511078286558,0.983670919881306,NA
408236,1.00149677419355,1.05128598726115,1.05128598726115,NA
408241,0.796264516129032,0.946484587155963,0.937046835443038,0.914141935483871
408252,0.942020567375887,1.00003663194444,1.00345714285714,NA
408299,0.974323684210526,0.918609395973154,0.918609395973154,NA
408307,1.01743928571429,1.1066511627907,1.1066511627907,NA
408314,0.815226666666667,0.920837050359712,0.920837050359712,NA
424144,1.37693125,1.17384972677596,1.34880273972603,1.36663125
424325,1.18902727272727,0.985359024390244,0.990175,NA
424825,0.964668032786885,1.04319124236253,1.04319124236253,NA
425426,0.527794736842105,0.542599565217391,0.5356,0.114628947368421
425492,1.81406349206349,2.02957037037037,1.8045,0.297230158730159
425509,1.0048487804878,1.02735544871795,1.02735544871795,NA
425532,0.0800454545454545,0.0894679012345679,0.051855,0.0695909090909091
425626,0.7123625,0.620558878504673,0.630992857142857,0.5600875
425657,1.74829117647059,1.45654322033898,1.70407777777778,1.61882058823529
425766,0.958121428571429,1.00981424657534,1.01250494505495,NA
425772,1.01757,0.900240769230769,0.900240769230769,NA
425783,0.864510416666667,1.00296889952153,1.00296889952153,NA
425784,1.08588524590164,0.96146359223301,0.965931707317073,NA
425794,0.925735294117647,1.02260339912281,0.93650295202952,1.11945151515152
425796,1.31296532258065,1.22406177370031,1.21842392638037,NA
425834,1.02427412587413,1.07430299625468,1.07625440900563,NA
425835,1.21325,2.62098888888889,1.21325,0
425844,0.899218518518519,0.930246270718232,0.935056561085973,1.13421538461538
425856,1.59970357142857,1.2971888,1.50712631578947,1.04645357142857
425877,1.00599383561644,0.964226297577855,0.9556203125,NA
425900,1.15964536082474,1.14685740181269,1.15013878787879,NA
425902,0.998734831460674,0.954163934426229,0.954163934426229,NA
429400,0.648375,0.506390322580645,0.648375,0.7134375
429664,0.817570807453416,0.992815848527349,0.995242053445851,NA
429665,0.9226775,1.06658108882521,1.0681382183908,NA
429666,0.886849565217391,0.968843548387097,0.971021478060046,NA
429667,1.05944464285714,1.03197527777778,1.03197527777778,NA
429711,1.08318958333333,1.02597651245552,1.02384035714286,NA
429719,0.88465652173913,0.849658080808081,0.769627927927928,0.459795238095238
429722,0.84181,1.0665981233244,0.999667692307692,1.45555333333333
429780,1.65208333333333,0.586856097560976,0.763233333333333,1.71935
430001,1.48468037383178,1.26724754901961,1.26724754901961,NA
430580,0.815146666666667,0.842085209003215,0.738298780487805,0.593166666666667
430589,0.800143181818182,0.670504,0.798802222222222,0.613704545454545
430599,1.24497733333333,1.25743025477707,1.22267741935484,1.145816
430603,0.953554545454545,0.959796666666667,0.959796666666667,NA
430605,1.10668839285714,1.0542462745098,1.0542462745098,NA
430634,1.08365,0.788022727272727,1.08365,0.58138
430637,1.2191203125,1.10593252279635,1.10593252279635,NA
430641,0.914870491803279,0.967952836879433,0.890157142857143,0.612585245901639
430661,0.89294,0.917132862190813,0.893075308641975,0.652398181818182
430832,0.894431896551724,1.04743372093023,1.0493627184466,NA
430910,0.4551125,0.852021428571429,0.852021428571429,NA
430912,0.729404761904762,0.958309198113208,0.8420864,0.779842857142857
430935,0.85293125,1.05119622195986,0.930381860465116,1.2660875
430945,0.856914,0.960995814648729,0.961984880239521,NA
430947,1.13809435483871,1.09196784140969,1.09196784140969,NA
431094,1.03935887096774,1.01998226950355,1.02239454976303,NA
431145,1.12133823529412,1.06493146067416,1.07267,NA
431148,0.785440740740741,0.834380503144654,0.784655670103093,1.14873076923077
431151,0.850983783783784,0.908277914110429,0.913682098765432,NA
431171,0.970414814814815,1.13098085106383,1.13098085106383,NA
432934,0.717311764705882,0.724340987654321,0.690334653465347,1.10955294117647
433217,1.0515487804878,1.08709611650485,1.08709611650485,NA
433579,0.83455,0.745213,0.639525,0.504175
433584,0.96905,0.723844186046512,0.613757142857143,0.611
433586,2.10587419354839,2.20700125,2.08890147058824,0.719222580645161
433587,0.840148,1.04602335877863,0.928568072289157,1.431036
433589,0.921613888888889,1.17479188191882,1.03958625,0.80445
434137,0.1469,0.384,0.21264,0.905366666666667
434158,0.891979194630872,0.981475118858954,0.982944761904762,NA
434378,0.824782352941176,0.968703425414365,0.935719327731092,1.12494411764706
434442,0.687509375,0.622441818181818,0.714171428571429,0.8398375
434538,0.821990909090909,1.02226578947368,0.863032863849765,1.20274516129032
434563,0.965827419354839,1.04272337662338,1.04272337662338,NA
434567,0.998834615384615,1.1019091954023,1.1019091954023,NA
434604,0.8397,0.69575,0.69575,NA
434622,0.76628275862069,0.882768976377953,0.743850641025641,0.722472413793103
434628,0.987597142857143,0.91778373015873,0.920762962962963,1.01282333333333
434636,0.85304496124031,1.01208523364486,1.01560825515947,NA
434658,0.9999984375,0.990538163265306,0.992359509202454,NA
434670,0.999455102040816,1.03636737357259,1.03675882352941,NA
434671,0.883688571428571,0.87455592203898,0.809926162790698,0.787765714285714
434672,0.263523076923077,0.1911,0.214775,0.103176923076923
434718,1.39214615384615,1.64554,1.43272592592593,0.308011538461538
434778,0.969857792207792,1.0174151465798,1.02056486928105,NA
435043,1.46681358024691,1.434553125,1.39926276595745,1.24761111111111
435062,0.984351369863014,0.978715270018622,0.97699776119403,NA
435063,1.09440533333333,1.02107238689548,1.02107238689548,NA
435064,1.06198873239437,1.0225832,1.02458995983936,NA
435079,0.879147368421053,0.972759467455621,0.974137333333333,NA
435180,1.03723333333333,1.42270833333333,1.42270833333333,NA
435221,0.92362,1.08789892473118,1.07812542372881,1.32421
435263,1.03246821705426,1.0371193877551,1.0371193877551,NA
435400,0.949443333333333,0.811882242990654,0.980574193548387,0.948336666666667
435522,1.01048230088496,0.962987308533917,0.965098245614035,NA
435559,1.07479619047619,1.12551590296496,1.12551590296496,NA
435622,0.85268717948718,1.01083313521545,1.01083313521545,NA
443558,1.03694451612903,1.03989894259819,1.04138366111952,NA
444379,0.987502325581395,1.02417283372365,1.02548028169014,NA
444432,1.07860566037736,1.02425263157895,1.02532081447964,NA
444436,0.711282352941176,0.5714,0.65887,0.458311764705882
444468,1.50633888888889,1.61561,1.60718852459016,0.512603703703704
444482,1.08923333333333,1.22411693989071,1.23641436464088,NA
444489,1.338603125,1.19708024691358,1.19708024691358,NA
444520,0.978606666666667,1.03841587301587,0.98841052631579,0.883386666666667
444843,0.94330625,1.02663461538462,1.02663461538462,NA
444857,0.864105,0.791771044776119,0.716157777777778,0.7164475
444876,0.879345679012346,1.01798846153846,1.01945066666667,NA
445055,0.90968202247191,1.02330788043478,1.02330788043478,NA
445060,0.860353125,1.06404303178484,0.98279336492891,1.232775
445197,1.24636078431373,0.9609875,1.21009827586207,1.09868235294118
445213,1.3635,1.68256233183856,1.33362878787879,0.578977777777778
445276,1.74871690140845,1.6887796812749,1.75886923076923,0.192905633802817
445926,1.14516290322581,1.0534329787234,1.1008191011236,0.848164516129032
445968,1.00999090909091,0.749975,0.940732558139535,1.00490303030303
445988,0.944535294117647,1.08636046153846,1.08967885802469,NA
446099,1.31534852941176,1.31098531468531,1.27723,1.26767941176471
446185,1.09521428571429,1.09780344827586,1.102225,0.799257142857143
446192,0.111633333333333,0.09544,0.09544,NA
446263,0.93054347826087,0.885338235294118,0.890570414201183,NA
446308,1.02678306451613,1.02465627705628,1.02902391304348,NA
446321,0.85216875,1.0545698630137,0.971783928571429,0.9116
446334,0.80935375,1.00991029411765,1.00991029411765,NA
446359,0.903815833333333,1.00129071146245,1.00129071146245,NA
446372,0.80483125,0.81111944121071,0.802924669603524,0.827703125
446381,1.00621444444444,0.949314705882353,0.946129372937294,0
446386,0.970998,0.930642105263158,0.930642105263158,NA
446399,1.35632592592593,1.3239858974359,1.36621071428571,1.19080925925926
446481,0.965070967741935,1.07258421052632,1.07862705882353,NA
446653,0.930183783783784,1.06470265486726,1.06470265486726,NA
446899,1.80301594202899,2.21726888111888,1.80040909090909,0.580273913043478
447714,1.03674102564103,0.778755223880597,0.952519565217391,0.833710256410256
447755,0.7782,0.9580625,0.855166666666667,1.36695714285714
448178,1.32096206896552,1.24799241071429,1.27802950819672,0.520593103448276
448179,0.800610526315789,0.962593541202673,0.9193432,1.03138421052632
448281,1.45239090909091,1.53022451612903,1.46909375,0.998620454545455
448306,0.827081818181818,0.960694982078853,0.897431132075472,0.902539393939394
448602,0.97062905982906,0.97065766590389,0.973626896551724,NA
448605,0.841644444444444,1.01494615384615,1.01494615384615,NA
448609,0.979337288135593,0.754019170984456,0.977475,0.911871186440678
448614,1.28659305555556,1.28090266272189,1.23261630434783,0.993570833333333
448801,1.03657324840764,1.03133232628399,1.03341727272727,NA
448802,0.794996875,0.968845838668374,0.845542672413793,1.2655625
448855,0.865305,0.979601694915254,0.906905325443787,1.33063
449097,1.70348648648649,1.99246556291391,1.67007948717949,0.376510810810811
449104,1.17685454545455,1.0781538961039,1.15889387755102,1.11314545454545
449107,1.02462033898305,0.97806797752809,0.97806797752809,NA
449168,0.3527,0.3527,0.3527,NA
449173,0.851422222222222,1.2390776744186,1.00051607142857,0.917988888888889
449181,0.857949593495935,1.05727531380753,1.05453949579832,NA
450172,0.819579411764706,1.03313568904594,0.886861764705882,1.04746764705882
450203,0.8092,1.24781025641026,1.106516,1.752425
450212,1.29362833333333,1.21633791208791,1.29362833333333,1.03860666666667
450275,0.862677777777778,0.816338565022422,0.837041666666667,0.410612962962963
450282,1.0428,1.19204166666667,1.0428,0.9539
450306,0.804633333333333,0.847170212765957,0.930458333333333,1.157
450308,0.831767741935484,1.00120987012987,0.927888659793814,1.15843225806452
450314,1.04861283783784,1.04661066878981,1.04698676236045,NA
450665,0.879266666666667,1.16078888888889,1.06126785714286,1.50316666666667
450729,0.864378125,0.97151323907455,0.871644615384615,1.11979375
451085,0.70395,0.454505660377359,0.563290909090909,0.9935375
451584,1.62453111111111,2.15651885714286,1.62453111111111,0.21548
451594,0.83608,0.946348275862069,0.950760766423358,NA
451596,0.841420833333333,0.956312547528517,0.827472868217054,1.01194347826087
451661,0.654151351351351,0.617136942675159,0.634243181818182,0.468327027027027
451705,0.314438888888889,0.6835775,0.6835775,NA
451775,0.918841176470588,0.898283435582822,0.896952,0.920138235294118
451783,0.4369,0.383614285714286,0.389683333333333,0.56135
452027,0.387216666666667,0.469920987654321,0.509431578947368,0.881366666666667
452061,0.858075,0.518325925925926,0.69741,0.7580875
452095,0.998930864197531,1.17914117647059,1.17914117647059,NA
452104,0.993037857142857,1.03347874762808,1.0346220952381,NA
452220,1.0229,1.0274,1.0267245398773,NA
452234,1.01299037037037,0.974220366132723,0.974220366132723,NA
452252,1.11910714285714,1.02339046511628,1.02339046511628,NA
452254,1.02693962264151,1.10910648148148,1.10910648148148,NA
452655,0.898304225352113,1.01671537242472,1.01899697933227,NA
452657,0.930072727272727,0.8980116359447,0.868372887323944,0.92693125
452666,1.248128,1.18037403846154,1.20786610169492,1.104626
452672,1.05488529411765,0.969262831858407,0.969262831858407,NA
452678,0.93813,0.97753816254417,0.979258584070796,NA
452733,0.899114285714286,0.430861111111111,0.79035,0.223957142857143
453056,0.849979166666667,1.00908784893268,1.00908784893268,NA
453064,1.01659160305344,1.06921660516605,1.07376196660482,NA
453172,0.955165671641791,0.9613734375,0.88235,0.791144776119403
453178,0.83080303030303,0.923313096695226,0.883358653846154,1.24083333333333
453192,1.59084142857143,1.70650912408759,1.62423176470588,1.08288857142857
453203,1.03137659574468,0.999061061946903,1.00797321428571,NA
453211,1.22483076923077,1.00753404255319,1.00753404255319,NA
453214,0.8286875,0.829797702909648,0.68997125748503,0.719929166666667
453222,0.529366666666667,0.53312,0.474175,0.508266666666667
453249,1.08724528301887,0.864086631016043,1.0211796875,0.894352830188679
453265,1.50068857142857,1.67426974169742,1.48834246575342,0.944552857142857
453281,0.7466,0.62995,0.666790769230769,0.576010526315789
453284,1.45102352941176,1.20678205128205,1.27839583333333,0.769211764705882
453286,0.852667647058823,0.870813516260163,0.888237658227848,0.882917647058824
453307,0.8092,0.468467741935484,0.447966666666667,0.10255
453311,0.826111111111111,0.989675879396985,0.807097619047619,0.571555555555556
453329,0.826716216216216,0.921032372881356,0.836121710526316,0.880032432432432
453343,1.65163733333333,1.85825278810409,1.67408333333333,0.190024
453344,0.971272222222222,0.963035294117647,0.989645454545455,1.01745555555556
453385,0.859359459459459,0.897871651090343,0.889755882352941,0.792
453400,1.09905981308411,1.08078446969697,1.08330418250951,NA
453562,0.877283870967742,0.863045740956826,0.775194485294118,0.777387096774193
453568,0.870814788732394,0.924159404388715,0.929239240506329,NA
453646,1.01076470588235,0.76833024691358,0.869574157303371,0.834070588235294
453895,1.05084285714286,0.960085714285714,0.960085714285714,NA
453923,1.04401855670103,1.0594723880597,1.06319176029963,NA
453943,0.928948734177215,1.04088801213961,1.04088801213961,NA
454560,1.10027258064516,0.970196923076923,0.970196923076923,NA
454975,0.88222380952381,0.945865909090909,0.945865909090909,NA
455009,0.971436363636364,0.983544747081712,0.929323611111111,0.836733333333333
455104,0.9857875,0.997545535714286,0.997545535714286,NA
455117,1.184212,1.07291904761905,1.07291904761905,NA
455139,0.868780392156863,0.915487058823529,0.915487058823529,NA
455369,1.18494482758621,1.17160989010989,1.17160989010989,NA
455374,0.996821739130435,0.876798634812287,0.916346341463415,0.997671014492754
455755,0.88710303030303,1.02200178571429,1.02200178571429,NA
455759,1.0288027027027,1.00727654867257,1.00727654867257,NA
455976,1.01313797468354,1.1186127753304,1.11644308823529,NA
456027,1.095525,1.05402249134948,1.07566710526316,0.4776125
456030,0.899578431372549,0.974541389290883,0.975942898550725,NA
456034,0.836131428571429,0.9385589958159,0.865273279352227,1.00492285714286
456068,0.833275,1.00578398576512,0.915841379310345,1.4924125
456071,2.2307,0.964515,1.3452,0.49665
456078,1.06471592920354,1.11364922737307,1.11650022172949,NA
456124,0.97331,0.941723711340206,1.03672727272727,0
456167,0.819139130434783,0.879588431372549,0.797465873015873,1.03943913043478
456379,0.2244,0.2551,0.2244,0.01905
456422,0.884509345794393,0.991977615571776,0.994122195121951,NA
456488,0.888357553956835,1.1171358714044,1.11894542372881,NA
456501,0.822359375,1.0165925,1.02418701298701,1.100959375
456665,0.983189156626506,1.03011919191919,1.03011919191919,NA
456696,1.09673428571429,1.30241253918495,1.08079047619048,1.08706
456701,0.862483333333333,1.08910991735537,0.949705555555556,1.05445
456713,1.44234827586207,1.45538381742739,1.43348732394366,1.17198448275862
456714,1.22422577319588,1.01947289377289,1.01947289377289,NA
456715,0.873408823529412,0.966270396270396,0.966270396270396,NA
456781,0.64895,0.850526086956522,0.850526086956522,NA
457429,1.55956666666667,1.61623278688525,1.54419090909091,1.32077727272727
457435,0.8613,0.446420454545455,0.555669230769231,0.3252
457454,1.06894545454545,1.05701103448276,1.06064809688581,NA
457456,0.0597,0.06075,0.06365,0
457477,1.0431694214876,1.02984172932331,1.0247441509434,NA
457574,0.844461290322581,0.867560784313726,0.883938,NA
457705,0.904444444444444,0.990948952095808,0.993715915915916,NA
457706,0.921657692307692,1.13246945812808,1.13246945812808,NA
457708,1.02918684210526,1.00517540192926,1.00667085346216,NA
457711,0.64992,0.780148453608247,0.719391304347826,0.60114
457727,0.840267391304348,0.970055412371134,0.959484237726098,NA
457732,1.12551111111111,0.985691578947368,1.0527679245283,0.697104444444444
457759,1.01220794701987,1.02776731707317,1.02776731707317,NA
457763,1.02640902777778,1.09317332242226,1.09396945812808,NA
457768,1.47363333333333,1.29715540540541,1.37241428571429,0.971025
457775,0.84829,1.05720089686099,1.05720089686099,NA
457779,2.06695,0.648406666666667,1.5388,0.2414
457787,0.919037820512821,0.978909849749583,0.978909849749583,NA
457789,0.927517647058824,0.934363157894737,0.934363157894737,NA
457803,1.07327823129252,1.05290733788396,1.05532487135506,NA
457915,0.7439875,0.595733333333333,0.67907,0.61305
457918,0.832653125,1.01319526774595,0.90836866359447,1.365875
457926,0.765225,0.717145714285714,0.717145714285714,NA
458006,1.41751206896552,1.31031744680851,1.31980909090909,1.07974655172414
458015,0.88834746835443,0.991185059171598,0.995477860326894,NA
458085,1.14117959183673,1.05068166666667,1.05068166666667,NA
458537,0.478222222222222,0.794224528301887,0.401554545454545,0.478222222222222
458582,1.28371538461538,1.14696206896552,1.14696206896552,NA
458584,1.61382777777778,1.53026608187134,1.6080131147541,1.48832222222222
458675,1.01947904761905,1.05740048309179,1.05994697336562,NA
458677,1.4875696969697,1.58691526104418,1.47798611111111,1.39834696969697
458678,0.295975,0.155476923076923,0.193225,0.188725
458708,0.801736666666667,0.905767403314917,0.884732460732984,1.05473
458730,1.12545,1.04059259259259,1.1195125,1.08801666666667
458731,0.872925517241379,1.01448367670364,1.01593317460317,NA
458913,0.1047,0.1047,0.1047,NA
459429,1.16174736842105,1.3599960591133,1.16174736842105,0.571356140350877
459431,0.995503597122302,1.03464466546112,1.03984672727273,NA
459964,1.12564074074074,1.09724931034483,1.09724931034483,NA
459987,0.636375,0.681477358490566,0.614557407407407,0.70043125
460024,1.58444,1.42334466666667,1.49618958333333,1.1554025
460026,1.08047195121951,1.05819137380192,1.06083215434084,NA
460059,0.767141666666667,0.884667843866171,0.77641796875,1.321225
460060,0.906213432835821,0.862465957446809,0.868433870967742,NA
460075,0.88875037037037,1.02401577060932,1.02969314079422,NA
460077,1.08985416666667,0.982486231884058,1.00334740740741,0
460086,0.8493671875,0.974016666666667,0.977649601593625,NA
460099,0.839671428571429,0.958242857142857,0.958242857142857,NA
460269,1.05106071428571,0.871803592814371,0.927054140127389,0
460283,1.54450410958904,1.18141355932203,1.48917195121951,1.34255479452055
460576,0.927639130434783,1.05862120535714,1.05862120535714,NA
460701,1.03531428571429,0.808848148148148,1.03531428571429,0.739957142857143
461235,1.0468968503937,0.964457917570499,0.968291067538126,NA
461314,0.868587179487179,1.07907108792847,1.07907108792847,NA
461325,1.40548405797101,1.41808192307692,1.43863648648649,1.13553768115942
461416,0.718325,0.903515789473684,0.903515789473684,NA
461829,0.862603125,0.971512224938875,0.922222040816327,1.277884375
461833,0.775291666666667,0.922796168582375,0.873843076923077,0.958891666666667
461858,0.887575903614458,1.02134532163743,1.02413372434018,NA
461865,0.857665079365079,0.903673979591837,0.911610471204188,0
461872,0.895276923076923,0.621701612903226,0.77391,0.5221
462101,0.9381,0.976002508960574,0.977064093357271,NA
462136,0.842462068965517,1.05552157676349,0.963353475935829,1.2722724137931
462382,1.61806461538462,1.66626931818182,1.6730125,0.798030769230769
462515,0.44744,0.3723203125,0.436633333333333,0.507726666666667
462985,0.85992,0.83761875,0.724283333333333,0.68868
463610,0.915389333333333,0.967890748898678,0.971769911504425,NA
465041,1.11424356435644,1.08717300771208,1.08997139175258,NA
465657,1.56342857142857,1.6727845890411,1.55193733333333,1.18422
465753,1.11757692307692,1.289552,1.289552,NA
466320,0.981172185430464,1.05172146189736,1.05124820592824,NA
466988,1.2475619047619,1.319595,1.319595,NA
467008,1.34634528301887,1.39427700534759,1.32382711864407,1.10522641509434
467055,1.50996666666667,0.923957142857143,0.923957142857143,NA
467092,0.997762595419847,1.01899498069498,1.02085377176015,NA
467100,0.821975,0.87288307254623,0.830042713567839,1.017959375
467793,0.945108227848101,0.990853362573099,0.993599706744868,NA
467827,0.867248514851485,0.95861746031746,0.962282180851064,NA
468396,0.918591666666667,1.09491836734694,0.864827272727273,0.749830555555556
468504,0.821520588235294,0.9030553125,0.815069325153374,0.871882352941176
471083,1.14231882352941,0.956362116040956,0.979685664335664,0
471822,0.752062222222222,0.695898333333333,0.718027777777778,0.649995555555556
471865,0.970348993288591,1.02138476190476,1.02600526315789,NA
471911,0.8244,0.807380775716695,0.835383766233766,0.98866
472528,0.991522222222222,1.01387058823529,1.01649233038348,NA
472551,1.43404464285714,1.43308121827411,1.40226029411765,1.26625535714286
472610,1.0518,1.06432337662338,1.07500909090909,0.896576470588235
473724,0.698527777777778,0.881235714285714,0.881235714285714,NA
473879,1.88779726027397,2.10616643109541,1.89062894736842,0.473390410958904
474029,0.8852,0.802149122807018,0.782232432432432,0.797812
474233,1.07161956521739,1.08195955882353,1.08195955882353,NA
474284,0.630957894736842,0.54683125,0.568363333333333,0.711478947368421
474319,0.910848648648649,0.850527659574468,0.850527659574468,NA
474443,1.029540625,1.02560375,1.02560375,NA
474463,0.809075,0.627221875,0.5643625,0.30175
474521,1.39061351351351,1.46649940828402,1.26379565217391,0.532078378378378
474568,0.998641496598639,1.09932391681109,1.10423327526132,NA
474668,0.901844444444444,1.07120360824742,0.887928571428571,1.44901111111111
474699,0.667697142857143,0.608574792243767,0.561505102040816,0.590394285714286
474832,0.975165161290323,1.10159235474006,1.10645652841782,NA
474865,0.97245,0.673026666666667,0.673026666666667,NA
474892,1.09318860759494,1.08686921875,1.08835571205008,NA
475054,1.26596666666667,0.846143548387097,1.07817027027027,0.739143333333333
475100,0.84591914893617,0.921365178571429,0.921365178571429,NA
475115,0.7955,0.477132142857143,0.439328571428571,0.0695
475138,0.3094,0.413772727272727,0.3426,0.6424
475174,1.08190728476821,1.00180965909091,1.00481159695818,NA
475243,1.26342597402597,1.14494153846154,1.30827087378641,1.08021578947368
475247,1.00718166666667,0.982909444444445,1.01059428571429,0
475253,1.06845729166667,1.04658609467456,1.05279077380952,NA
475479,1.5096578125,1.50448956043956,1.33590275229358,1.46016875
475582,1.00475043478261,1.04889913419913,1.05077310195228,NA
476123,0.378025,0.506940476190476,0.45689,0.65195
476451,0.8092,0.955700240963855,0.921355,1.1328125
476454,1.6109397260274,1.87506824324324,1.62220459770115,1.33086438356164
476570,0.3912,0.339835714285714,0.669925,1.1311
476589,1.32131724137931,1.23719392857143,1.20626206896552,1.05882931034483
476595,1.1933,1.20364,1.1933,0.6165
476633,1.63,1.1859125,1.1859125,NA
476704,0.920218390804598,0.956265853658537,0.956265853658537,NA
476883,0.859271028037383,0.951966666666667,0.951966666666667,NA
477003,0.977623333333333,0.982564236111111,0.920092024539877,1.06166551724138
477132,1.01425454545455,0.999806779661017,0.988229797979798,0.99807619047619
477165,1.05788034188034,1.05397637795276,1.05397637795276,NA
477195,0.6086,1.16063333333333,1.16063333333333,NA
477569,1.363416,1.35860546075085,1.35025568181818,0.927936
485567,0.975814634146341,0.96182262295082,0.964749013157895,NA
488671,1.05637719298246,1.05408564593301,1.05408564593301,NA
488681,1.00996666666667,1.03193551401869,1.03683773584906,NA
488721,0.999425217391304,1.02184946808511,1.02184946808511,NA
488726,1.25676363636364,1.04261860465116,1.04261860465116,NA
488748,1.24386865671642,1.2271337398374,1.25632463768116,1.32237014925373
488768,0.977982142857143,1.04621016129032,0.942732222222222,1.33631785714286
488771,0.961078504672897,0.892403733333333,0.892403733333333,NA
488786,1.16956885245902,1.04081483253589,1.10775068493151,1.04630983606557
488810,0.1026,0.0753,0.0753,NA
488818,0.967341975308642,1.14680849420849,1.15513112840467,NA
488846,0.447114285714286,0.368405454545455,0.489431578947368,0.43565
488862,0.855338636363636,0.968272824156305,0.97139679144385,NA
488912,0.750159375,0.707918181818182,0.707918181818182,NA
488984,0.858130303030303,0.938210869565217,0.880511904761905,0.579512121212121
489002,0.88665,0.776854054054054,0.83607,0.1769
489119,0.798696666666667,0.843209570041609,0.775605319148936,0.953263333333333
489149,1.06978095238095,1.03811486146096,1.04045934343434,NA
489197,0.391,0.65648,0.391,0.4623
489232,1.01539090909091,1.07449821428571,1.07449821428571,NA
489265,1.46358461538462,1.28690769230769,1.46358461538462,1.19938205128205
489267,0.937959793814433,0.956231451612903,0.960092307692308,NA
489294,1.98238,1.50944,1.70913076923077,0.62045
489305,0.850520833333333,0.977801470588235,0.977801470588235,NA
489365,1.07422325581395,0.938094852941176,0.938094852941176,NA
489446,0.774782926829268,0.6880875,0.723775,0.52800243902439
490063,0.847468421052632,1.02257536231884,0.90771,0.988631578947368
491646,1.71631,1.97352939189189,1.72310526315789,0.283044285714286
491676,0.859336363636364,0.9621,0.9621,NA
491696,1.2013,0.826896551724138,0.826896551724138,NA
491703,1.59154193548387,1.71898703703704,1.57122727272727,1.35030967741935
491708,0.947336842105263,0.839960573476702,0.863694736842105,0.823654385964912
492802,0.865866666666667,1.0119,1.0119,NA
492841,0.835906976744186,0.866257547169811,0.866257547169811,NA
493114,0.898430701754386,1.00665851528384,1.00622960526316,NA
493128,0.602907142857143,1.05557692307692,1.05557692307692,NA
493157,1.340572,1.29710597826087,1.340572,1.038978
493193,1.22163689320388,1.09774888178914,1.09466794871795,NA
493200,1.57323947368421,1.71357064516129,1.59666292134831,0.701384210526316
493247,1.04221428571429,0.729676216216216,0.977103225806452,0.972591836734694
493316,0.888884732824427,0.944729074074074,0.946432653061224,NA
493329,1.0251,1.02406911764706,1.02406911764706,NA
493343,0.88724,1.380775,1.380775,NA
493351,0.965242657342657,1.020919,1.02548309859155,NA
493472,0.857754054054054,0.949164772727273,0.949164772727273,NA
493596,1.09980697674419,1.09345323741007,1.09345323741007,NA
493603,1.65617647058824,1.65761238095238,1.67746666666667,0.566535294117647
497807,0.85375,0.896945714285714,1.00483157894737,0.444785714285714
499624,0.91079,1.00748125,1.00748125,NA
500208,0.968657798165138,1.05957307692308,1.06190544217687,NA
500610,0.920729545454545,0.650722831050228,0.847411111111111,0.617381818181818
500724,1.16257571428571,1.08303746223565,1.13681222222222,0.89534
500743,1.0429797752809,1.00244881516588,1.00244881516588,NA
500765,0.7116,0.529174285714286,0.524188888888889,0.411266666666667
500779,0.85061875,1.04300323353293,0.948776851851852,1.19465
500871,0.967218446601942,1.01541684210526,1.01727207446809,0
500874,0.706018181818182,0.887866666666667,0.887866666666667,NA
500887,2.19091666666667,2.19091666666667,2.19091666666667,NA
501255,0.260833333333333,0.725,0.725,NA
501303,1.13007105263158,1.17362253521127,1.17362253521127,NA
501381,0.813528125,0.871076298268975,0.784187027027027,0.9628125
501571,0.942827419354839,0.952579375,0.952579375,NA
501593,1.23871111111111,1.02029268292683,1.116253125,0.91217037037037
501625,1.085815625,0.831125691699605,0.981107142857143,0.7088125
501659,0.9925421875,1.02346335078534,1.01519736842105,NA
501697,0.77209347826087,0.602465427509294,0.653507792207792,0.60810652173913
501789,1.61267878787879,1.69763452380952,1.58950724637681,1.21306060606061
501817,1.22810566037736,1.18764691358025,1.13115405405405,0.945330188679245
501822,1.14655675675676,1.06215355191257,1.16394230769231,0.993924324324324
501888,1.98368571428571,1.53473,1.53473,NA
501896,1.03241094890511,1.01334702258727,1.01525946502058,NA
501925,1.19878888888889,1.37520046511628,1.22024098360656,0.795248148148148
501936,0.714633333333333,0.42426875,0.652433333333333,0.176166666666667
501955,0.673055,0.787139506172839,0.640053846153846,0.61414
501957,0.827513333333333,1.00217318435754,0.948339010989011,1.16633333333333
501981,1.061132,1.05528533772652,1.05605462046205,NA
501986,1.18102307692308,0.898488888888889,0.898488888888889,NA
501992,0.692363636363636,0.955601199040767,0.865389423076923,1.37093181818182
502004,1.15737368421053,1.09476308411215,1.11238169014084,0.902840350877193
502009,0.982505882352941,1.09794758842444,0.94471,1.38094705882353
502026,1.62761694915254,1.91942447257384,1.60405806451613,0.507542372881356
502028,1.34144285714286,1.38260362537764,1.34593333333333,0.99865
502032,0.830614285714286,1.00892018867925,0.919959259259259,1.16134285714286
502034,0.971942424242424,0.86603,0.86603,NA
502042,0.836612121212121,0.895622497055359,0.87652534562212,1.04311212121212
502043,0.816764,0.978455810397553,0.878893209876543,1.233676
502046,0.79762,0.991444798657718,0.895903448275862,0.736186666666667
502051,0.51713,0.359628571428571,0.493818181818182,0.50243
502054,0.878890769230769,1.01485027322404,1.01485027322404,NA
502082,0.985305,0.950746265060241,0.953026086956522,NA
502083,1.14147924528302,0.956519313304721,1.05361343283582,0.805269811320755
502085,1.87458709677419,2.16952284644195,1.89168088235294,0.432172580645161
502087,0.655388888888889,0.293402380952381,0.525715384615385,0.504722222222222
502100,1.01607916666667,1.14811353383459,1.14811353383459,NA
502110,0.956284166666667,1.01429883040936,1.01795616438356,NA
502117,1.9145,1.9145,1.9145,NA
502143,0.973775384615385,0.997426953125,0.997447162426614,NA
502154,1.73723623188406,1.96799801587302,1.727392,0.148884057971015
502171,0.8704,0.71508640776699,0.796013043478261,0.62868
502182,0.77422380952381,0.983711842105263,0.983711842105263,NA
502188,0.8537875,0.958441834451902,0.929174642857143,1.286346875
502190,0.866503333333333,0.935120525657071,0.888390717299578,0.67635
502202,1.44585185185185,1.66387433628319,1.45404285714286,1.3849
502205,1.32466666666667,1.126632,1.126632,NA
502210,0.855057522123894,0.928458275058275,0.928458275058275,NA
502211,0.906633333333333,1.02998625954198,1.00632307692308,1.13406666666667
502226,0.955723076923077,1.0027275,1.0027275,NA
502239,0.959533333333333,0.782581786941581,0.825598913043478,1.088618
502261,1.25856052631579,1.10750740740741,1.10750740740741,NA
502272,0.968953846153846,0.848352976190476,0.912352083333333,0.740815384615385
502273,1.33490666666667,1.20736666666667,1.20736666666667,NA
502285,0.6987125,0.628154545454545,0.676780392156863,0
502317,1.01512682926829,1.05694838709677,1.05694838709677,NA
502327,0.806824242424242,0.938385677749361,0.833991326530612,0.971212121212121
502374,1.23085,1.23085,1.23085,NA
502381,1.73195254237288,1.8380718061674,1.72721147540984,0.920484745762712
502457,1.06668333333333,0.377702,0.55812,0.55575
502481,0.968289130434783,1.09039258160237,1.09039258160237,NA
502517,1.06382676056338,1.05429552495697,1.05781848013817,NA
502522,0.65324,0.523387113402062,0.617403703703704,0.48366
502523,0.97613698630137,0.999963913043478,0.990848471615721,NA
502544,0.949296875,0.904803333333333,0.904803333333333,NA
502582,1.01946086956522,0.972158108108108,0.972158108108108,NA
502593,0.980933333333333,0.74848947368421,0.831916666666667,0.965322222222222
502624,0.857738709677419,1.0405848265896,0.95862,1.15759677419355
502671,0.838333544303797,1.02660157142857,1.02501747851003,NA
502676,0.843519047619048,0.822874074074074,0.822874074074074,NA
502706,0.814745454545455,0.863349782608696,0.815435964912281,0.840254545454545
502748,0.44827,0.660369841269841,0.689287878787879,0.57792
503285,1.40240588235294,1.56678625954198,1.37460540540541,1.25280294117647
503351,0.85598,0.781884615384615,0.781884615384615,NA
503437,0.929757142857143,1.067025,1.067025,NA
503444,0.586131818181818,0.74445910652921,0.760677528089888,0.664318181818182
503449,0.816230434782609,0.903627318718381,0.832337714285714,0.971447826086957
503556,0.967922302158273,1.02101189083821,1.022998046875,NA
504083,0.3435,0.09304,0.183825,0.00275
504186,2.5137,0.723663636363636,1.74823333333333,0.31455
504379,1.06846923076923,0.929338490566038,0.917220547945205,0.964840384615385
506433,0.806782352941176,0.934560576923077,0.823916822429906,1.03
506560,0.941478333333333,1.18738278145695,1.18738278145695,0
506702,1.04465384615385,0.990672924187726,0.994261231884058,NA
506747,0.861138461538462,0.848302325581395,0.848302325581395,NA
506924,1.09710740740741,0.841254237288136,0.841254237288136,NA
514669,0.4912,0.338116666666667,0.4912,0.54785
514888,0.749995031055901,1.00849126760563,1.01241951909477,NA
514913,0.66183125,0.794743373493976,0.83433417721519,0
514917,0.902192207792208,0.955222528363047,0.957969918699187,NA
515052,0.37824,0.391728125,0.378711111111111,0.64616
516414,0.2173,0.232136363636364,0.23085,0.0097
516416,0.836447058823529,0.99020988372093,0.99020988372093,NA
516714,0.95505,0.732644736842105,0.890484210526316,0.918230769230769
516770,0.9605,0.995228192371476,0.998470881863561,NA
516782,0.995127559055118,1.06015296367113,1.05938295019157,NA
516809,1.02181538461538,0.828642105263158,0.828642105263158,NA
516910,0.0305,0.05995625,0.06246,0
516949,1.26431153846154,1.10151296296296,1.10151296296296,NA
516969,1.64663333333333,1.5893829787234,1.62544266666667,0.954215277777778
517008,1.87764912280702,2.24706919642857,1.89736515151515,0.229501754385965
517369,1.33288571428571,1.1173475,1.1173475,NA
517370,1.15464512195122,1.15867212121212,1.15867212121212,NA
517414,1.07026962025316,0.920208928571429,1.01702352941176,0.890094936708861
517448,0.471383333333333,0.39416,0.40265,0.368133333333333
517593,0.819344,0.7847933560477,0.719827152317881,0.97312
517629,0.54215,0.218623529411765,0.30505,0.39635
518397,0.677041176470588,0.643185714285714,0.71555,0.694523529411765
518452,0.833509375,0.957134988452656,0.840199598393574,1.2890125
518466,0.905654054054054,0.958466666666667,0.958466666666667,NA
518468,1.15836097560976,1.29577727272727,1.07176956521739,1.09268780487805
518490,1.08507727272727,0.766877777777778,0.766877777777778,NA
518516,1.01254166666667,1.00897582748245,0.962865349544073,1.05802352941176
518542,1.03549636363636,0.954478534031414,0.959497368421053,NA
518553,1.77059193548387,1.90180620155039,1.78992638888889,0.614890322580645
518560,1.08472222222222,0.917138253012048,0.894325,0.804738888888889
518567,0.593405555555556,0.597423033707865,0.586786274509804,0.37705
518568,1.00829230769231,0.905556603773585,0.905556603773585,NA
518577,1.09178333333333,1.00145714285714,1.00145714285714,NA
518586,0.92648064516129,1.09554179104478,1.09554179104478,NA
518595,1.04872602739726,0.994359782608696,0.994359782608696,NA
518614,0.96055612244898,0.924365972222222,0.927581881533101,NA
518617,1.43706060606061,1.46429452054795,1.44792571428571,1.52274848484848
518618,1.03348346456693,1.0101683046683,1.0101683046683,NA
518625,1.21458,0.729908333333333,0.729908333333333,NA
518626,0.837992903225806,1.02183376436782,1.0216673381295,NA
518633,0.810873809523809,0.9812,0.939528787878788,1.07613333333333
518649,1.0392953125,1.07472718446602,1.04731463414634,NA
518653,1.12508571428571,1.0130101010101,1.0130101010101,NA
518692,0.794821518987342,1.03367188405797,1.03367188405797,NA
518693,0.148042857142857,0.177509090909091,0.127177777777778,0.282414285714286
518700,0.893046153846154,0.91169465648855,0.91169465648855,NA
518715,1.66090892857143,1.49628730964467,1.51519014084507,1.20016071428571
518716,0.784118181818182,0.78005444646098,0.747144202898551,0.919624242424242
518735,1.0474888,1.06530594713656,1.06530594713656,NA
518748,0.967248529411765,0.975330222222222,0.946222666666667,1.03995882352941
518774,0.828811764705882,1.01672529550827,0.973115,0.990394117647059
518790,1.360225,1.02515862068966,1.06013333333333,1.2222
518792,0.95044347826087,1.01689340101523,1.01934210526316,NA
518858,1.84555915492958,1.80570698529412,1.78551777777778,1.48618591549296
518875,1.45650149253731,1.19598533333333,1.4565275,0.864571641791045
518883,0.519373076923077,0.362066666666667,0.484426666666667,0.259219230769231
518886,1.87161578947368,1.92104794520548,1.89916774193548,0.450889473684211
518911,3.3374,3.3374,3.3374,NA
518927,1.13431587301587,1.06596737967914,1.07183866666667,0.965834920634921
518934,0.874208904109589,0.944408702531646,0.94810672,NA
518953,0.953033333333333,0.997801282051282,0.997801282051282,NA
518960,1.15641071428571,1.12308874538745,1.12896363636364,NA
518991,0.696825,1.09917272727273,1.09917272727273,NA
519008,0.84569375,0.770179464285714,0.722265517241379,0.8000625
519023,0.88503125,1.15218518518519,1.15218518518519,NA
519025,1.11329,0.926516666666667,0.926516666666667,NA
519043,0.866112121212121,0.985589528193326,0.880323012552301,1.01214848484848
519048,0.95913,1.06500179640719,1.06680542168675,NA
519058,0.877292592592593,0.927124545454545,0.927124545454545,NA
519076,0.818771875,0.954775145857643,0.862857661290323,1.24365
519082,0.74455,0.954615,0.954615,NA
519083,1.04607049180328,1.10233428571429,1.1047372246696,NA
519085,0.499308108108108,0.478713271604938,0.434335632183908,0.547475675675676
519096,0.91525,0.796961450381679,0.888759550561798,0.612174193548387
519141,0.885451612903226,0.971226603001364,0.89547488372093,1.10541612903226
519144,0.816184848484849,0.913558126410835,0.871615450643777,0.862275757575758
519151,1.48905555555556,1.44360617283951,1.44125913978495,1.14807638888889
519166,0.802788888888889,0.47356261682243,0.652755172413793,0.738911111111111
519168,0.687688888888889,0.974203896103896,0.925026315789474,1.103
519184,0.985176767676768,0.956624193548387,0.959009433962264,NA
519186,1.3449,1.22109333333333,1.21898,0.234925
519203,1.0770935483871,1.0007587020649,1.0007587020649,NA
519208,1.27054257425743,1.09092488687783,1.09092488687783,NA
519222,0.975703448275862,0.962771428571429,0.962771428571429,NA
519237,0.970222857142857,0.974856763285024,0.977192251815981,NA
519240,1.21129428571429,1.1079429245283,1.1560976744186,0.900317142857143
519242,0.85293125,1.01459934065934,0.971013025210084,1.04784375
519263,0.872711111111111,0.814195145631068,0.844622222222222,0.653136111111111
519267,1.095325,1.01835918367347,1.04256,1.151125
519293,1.57058301886792,1.53992874251497,1.56933125,1.67757547169811
519294,1.285685,1.01383230769231,1.1701125,1.11998
519295,1.01631489361702,0.94476572327044,0.94476572327044,NA
519301,1.28377567567568,1.1035901734104,1.14854,0.983556756756757
519306,0.984268907563025,1.03811612903226,1.03811612903226,NA
519317,1.06490924369748,1.12436051502146,1.12561161290323,NA
519322,1.09192280701754,1.24143568281938,1.10806984126984,0.912650877192982
519326,1.55495694444444,1.564904,1.55905802469136,1.39856111111111
519333,0.951187878787879,0.87532039800995,0.87532039800995,NA
519344,0.8229,0.57616,0.66778,0.8224
519381,0.487686666666667,0.515977,0.44088,0.764153333333333
519390,0.9343125,1.01177224334601,1.01177224334601,NA
519421,1.30845833333333,1.22042692307692,1.22042692307692,NA
519437,1.35975434782609,1.29632802547771,1.32578703703704,1.41296956521739
519445,0.71772,0.80265,0.80265,NA
519455,0.775426315789474,0.916100444444444,0.875019298245614,0.99638947368421
520471,0.870583439490446,1.01320241935484,1.01320241935484,NA
520980,1.23830273972603,1.03696348122867,1.2029,1.10801643835616
521230,1.12258113207547,1.05172352941176,1.01040740740741,1.0405641509434
521692,0.960985611510791,1.04409264705882,1.04588747697974,NA
523253,0.844259842519685,0.99796743772242,0.99796743772242,NA
523260,1.409565,1.22713315508021,1.16773111111111,0.754865
523848,1.08125294117647,0.831836363636364,0.984991111111111,0.883994117647059
523989,0.984730769230769,1.09876553191489,0.975082191780822,1.41484615384615
527038,1.03357524752475,1.11529207317073,1.11851376146789,NA
527043,0.92366976744186,1.01483274021352,1.01675678571429,NA
527048,0.861915151515152,0.942529620853081,0.839884210526316,1.02519696969697
527054,0.844109677419355,0.97887714987715,0.956285317460317,1.17434666666667
527055,1.46964047619048,1.92209886363636,1.50499347826087,0.794814285714286
531565,1.4107,1.8585,1.4107,1.5767
532077,1.84455416666667,1.79559618055556,1.81525853658537,0.285956944444444
533167,0.831482142857143,0.986610248901903,0.917308474576271,1.0965
534606,2.235875,1.08781818181818,1.70932857142857,0
534627,0.783138947368421,0.90934380952381,0.926675242718447,0
534737,0.637889473684211,0.690731,0.668235135135135,0.611336842105263
534812,1.12131666666667,1.04712103174603,1.06472133333333,0.86646
534910,0.840155555555556,1.05303235294118,0.976596,1.49995555555556
534947,0.838430769230769,0.94482427184466,0.815022580645161,0.902438461538462
537953,1.32358235294118,1.20153066666667,1.20153066666667,NA
539438,0.2793,0.219842857142857,0.2793,0
541608,1.18587333333333,1.01369505494505,1.01369505494505,NA
541640,1.5175484375,1.46943989361702,1.42915855855856,1.2098859375
541645,0.994656666666667,1.0502798206278,1.0502798206278,NA
541650,1.01613739837398,1.04202174940898,1.04412701421801,NA
541652,1.27438108108108,1.02423986013986,1.20678604651163,1.05282432432432
542194,1.04061,1.04121886792453,1.08177941176471,0.0028
542208,1.01494698795181,0.878992387543253,0.885103135888502,NA
542225,1.7869,3.12046666666667,1.7869,3.9247
542255,0.863025581395349,1.06926328671329,1.07285192982456,NA
542303,0.989180405405405,1.03058277591973,1.02850720268007,NA
542326,0.6936,0.591225,0.6936,1.9145
542340,0.841366025641026,1.02298497790869,1.02538611521418,NA
542364,1.06252857142857,0.957988944723618,0.962577272727273,NA
542432,1.19920606060606,1.35232027972028,1.2107,1.006
542436,0.920684210526316,0.985794488188976,0.9982788,NA
542454,0.939142424242424,0.966941935483871,0.966941935483871,NA
542455,1.12203768115942,1.07104594594595,1.07104594594595,NA
542513,0.879911111111111,1.20844615384615,1.20844615384615,NA
542583,0.850825,0.583033333333333,0.583033333333333,NA
542587,0.925096875,0.79603007518797,0.810605405405405,0.833503125
542609,1.25284186046512,1.19698202247191,1.22268333333333,0.959076744186046
542674,0.8401375,0.882911891891892,0.782315094339623,0.8459575
542866,0.4393,0.494106896551724,0.488304166666667,0.226705263157895
542881,0.939215,1.01421428571429,0.943563580246914,1.50696842105263
542882,0.977496551724138,0.95481091954023,0.910750735294118,1.07462413793103
542884,0.0657,0.0161727272727273,0.0354,0.0019
542888,0.66982,0.715329545454545,0.555475,0.8944
542908,0.951512121212121,1.01251184210526,1.01251184210526,NA
542921,1.01234193548387,0.904361502347418,0.907148113207547,NA
542947,0.566521739130435,0.358012087912088,0.469906451612903,0.47065652173913
542953,0.899186486486486,0.682278,0.839106,0.611978378378378
542960,1.3950661971831,1.35696387096774,1.31601354166667,1.26168169014084
542979,0.876086301369863,0.932280327868853,0.919775308641975,NA
542992,0.397783333333333,0.525371428571429,0.525371428571429,NA
542993,0.833436781609195,0.927638787878788,0.927638787878788,NA
543017,1.23924705882353,1.00238296703297,1.17035584415584,1.24735147058824
543022,0.850462962962963,1.04481590594744,0.946990540540541,1.1066
543037,0.829061904761905,1.10034003656307,0.945438271604938,0.999780952380952
543045,0.793948,1.03071878980892,0.887537634408602,1.190236
543054,0.808146153846154,0.881105395683453,0.766007692307692,1.1003
543056,0.577954285714286,0.527653645833333,0.53699649122807,0.483382857142857
543063,1.06922171052632,1.14640819935691,1.15001629032258,NA
543068,0.998506956521739,1.0378,1.042100456621,NA
543094,1.19225263157895,1.24685535714286,1.24685535714286,NA
543101,0.813125,0.888104419889503,0.838959281437126,1.255365
543105,1.04876463414634,1.01760530035336,1.01760530035336,NA
543118,0.855685714285714,0.682572602739726,0.724682608695652,0.580728571428571
543135,0.752341666666667,0.951552264150943,0.897330496453901,1.256475
543144,1.26383428571429,1.08287197452229,1.13086829268293,0.856657142857143
543148,1.09619411764706,1.07723636363636,1.07723636363636,NA
543169,0.967422222222222,0.635491705069124,0.69139696969697,0.826166666666667
543184,0.794683333333333,0.960460231023102,0.862408522727273,1.082325
543195,0.8448,1.10604074074074,0.849342857142857,0.589814285714286
543213,0.879441237113402,1.01783195592287,1.02576,NA
543216,1.15296868686869,1.04173970588235,1.04173970588235,NA
543219,0.53315,0.550813924050633,0.42482,0.50255
543228,0.974845588235294,0.93558122605364,0.93558122605364,NA
543238,0.861955555555556,0.800617,0.800617,NA
543242,0.1671,0.0394777777777778,0.08545,0.0068
543243,0.858277272727273,1.0194988372093,0.929461290322581,0.939577272727273
543257,0.861722680412371,0.958686046511628,0.956962176165803,NA
543261,0.892733333333333,0.405668888888889,0.549109090909091,0.00193333333333333
543272,1.46918414634146,1.34128842975207,1.33939561403509,1.0242487804878
543278,0.5828,0.647610810810811,0.58090303030303,0.550542857142857
543281,1.05342,1.08151373307544,1.08356821705426,NA
543294,0.79158125,0.827609806295399,0.802280442804428,0.839796875
543302,1.21816428571429,1.1371496969697,1.1371496969697,NA
543305,0.91175504587156,0.972257142857143,0.972257142857143,NA
543308,0.0187,0.0581,0.0581,NA
543329,0.7282,0.866084,0.866084,NA
543331,1.09781111111111,1.12206288659794,1.11728571428571,0.481688888888889
543333,0.909494936708861,1.03891149773071,1.03981939393939,NA
543334,0.485975,0.260578571428571,0.38968,0.5742
543339,1.36196142857143,1.59220037453184,1.39135205479452,1.1621
543359,1.254828125,1.04579296875,1.15708823529412,1.037965625
543376,1.04349090909091,0.981412949640288,0.981412949640288,NA
543380,0.6827875,0.753487313432836,0.713118918918919,0.4785625
543391,1.29867,1.38687019230769,1.14823461538462,0.55161
543401,0.851073717948718,1.01406773722628,1.0155466374269,NA
543408,0.823063636363636,1.00158716707022,0.94098755186722,1.11352424242424
543424,0.838014285714286,0.918034421364985,0.824730208333333,1.038
543434,0.909603191489362,0.993351570680628,0.98785249343832,NA
543456,0.931914285714286,0.885483928571429,0.780636666666667,1.20910714285714
543475,1.0957225,0.951801438848921,0.960220779220779,1.04888
543483,0.30978,0.49453,0.30978,0.26242
543484,1.01947966101695,1.06562959183673,1.06562959183673,NA
543506,1.46402394366197,1.49494463087248,1.46861184210526,0.733818309859155
543507,1.12899545454545,0.997488524590164,1.0438875,0.754225
543510,1.01257378640777,1.09145951742627,1.09415537634409,NA
543521,0.886748484848485,0.98306783042394,0.8749765,1.18313333333333
543532,0.554833333333333,0.694503703703704,0.681881818181818,0.3206
543542,0.785742857142857,1.01137606837607,0.866825,1.34738571428571
543543,0.971481456953642,1.03377943143813,1.03704798657718,NA
543548,0.775736842105263,0.957444480519481,0.881924050632911,0.7971
543557,0.879485714285714,0.958895215311005,0.861856910569106,0.707255102040816
543590,1.03626967213115,1.101173657289,1.09825179487179,NA
543606,0.861930303030303,0.961121733505822,0.916162944162437,1.21637272727273
543685,1.00069615384615,0.997154192546584,0.997154192546584,NA
543698,1.3519,0.681111111111111,1.10428333333333,0.7704
543699,0.882676470588235,1.04323362162162,0.941465051903114,1.21523823529412
543706,0.993885714285714,1.30110952380952,1.30110952380952,NA
543716,0.403463636363636,0.466195652173913,0.438985714285714,0.547263636363636
543726,1.17023888888889,0.998600423728814,1.08075974025974,1.13524444444444
543734,0.920531034482759,0.810090691489362,0.771152066115703,0.757148275862069
543742,1.14238260869565,0.990093103448276,0.990093103448276,NA
543746,0.530633333333333,0.400966891891892,0.449335897435897,0.397693333333333
543760,0.978489308176101,0.994513866231648,0.995286928104575,NA
543766,1.35260933333333,1.47464285714286,1.35503837209302,1.35248266666667
543768,0.953129577464789,0.963420493358634,0.965205133079848,NA
543776,1.03241621621622,1.11310905349794,1.12693125,0
543779,1.70595970149254,1.61009314516129,1.70543378378378,1.29935373134328
543807,0.838657142857143,0.992181241565452,0.994650338294993,NA
543829,0.815751315789474,1.01244281524927,1.01244281524927,NA
543859,0.849787692307692,0.672663924050633,0.756810101010101,0.490587692307692
543877,0.935211111111111,0.930976086956522,0.930976086956522,NA
543883,1.50305166666667,1.38958244897959,1.47960675675676,0.947435
543900,0.014,0.0302,0.014,0
543901,0.72688125,0.488411801242236,0.551872340425532,0.30733125
543921,0.8229,0.715313043478261,0.5713,0.9368
543935,1.28906129032258,1.16020540540541,1.18178426966292,1.09928387096774
543939,0.984795652173913,0.987213483146067,0.987620056497175,NA
543964,0.601,0.569783333333333,0.54968,0.772666666666667
544150,0.848127272727273,0.969510290237467,0.928585964912281,1.40856818181818
544369,0.976464705882353,0.998917875210793,0.995460338983051,NA
544725,0.83255,0.65699,0.65699,NA
544727,1.7824,2.18104367088608,1.79501204819277,0.262133333333333
544759,0.920175,0.942583823529412,0.897582608695652,0.71248125
544836,0.894521153846154,0.711651470588235,0.856363076923077,1.05170576923077
544925,1.01720555555556,1.16452105263158,1.16452105263158,NA
544928,0.782713333333333,0.706170157068063,0.870535593220339,0.656656666666667
544930,0.27996,0.204614285714286,0.27996,0.0576
544931,0.770425,0.860374885145482,0.81283,0.879433333333333
544993,0.66582962962963,0.471704464285714,0.664226470588235,0.3841
545332,1.305375,1.22912,1.28526315789474,0.974620588235294
545333,0.790445714285714,0.97926761433869,0.876822596153846,0.935211428571429
545338,1.15592881355932,0.964402094240838,0.964402094240838,NA
545341,0.990952671755725,1.03228139534884,1.03228139534884,NA
545350,0.863001960784314,0.87481339869281,0.87481339869281,NA
545357,0.482558333333333,0.364886746987952,0.338,0.0912083333333333
545358,1.12757142857143,1.17931538461538,1.17931538461538,NA
545361,0.880028481012658,1.02061127596439,1.02209197622585,NA
545363,0.944,0.658525,0.766970967741936,0.655611111111111
546276,1.557712,1.21801610169492,1.29465641025641,1.059596
546318,0.836971518987342,0.978607384615385,0.978607384615385,NA
546991,0.779662790697674,0.838742735042735,0.838742735042735,NA
547004,0.535075,1.13918571428571,1.13918571428571,NA
547007,1.88046666666667,0.924348739495798,1.00814166666667,1.04062
547172,1.02505362318841,0.94140221238938,0.949691071428571,NA
547179,1.04215,1.13847707317073,0.935542105263158,0.891125714285714
547180,0.9511,1.03236982343499,1.03384694533762,NA
547379,1.06902181818182,0.878417486338798,0.882875824175824,NA
547749,1.41317924528302,1.15533381642512,1.28202580645161,1.23826226415094
547874,0.852021212121212,0.93632962962963,0.886862679425837,1.21909393939394
547888,0.814561290322581,0.919152190237797,0.871338164251208,1.07011290322581
547943,0.7955,0.635488,0.7714,0.0664
547957,1.022475,0.919133918128655,0.919133918128655,NA
547973,1.83830508474576,1.80123693693694,1.855775,0.24338813559322
547982,0.958488111888112,1.00257269565217,1.00092652705061,NA
547989,0.933335849056604,1.08648180494905,1.08585932944606,NA
548337,0.690582857142857,0.791744470588235,0.797836974789916,0.446288571428571
548357,0.559486666666667,0.682223333333333,0.571706060606061,0.447553333333333
548389,1.01764090909091,1.08629774774775,1.0243786259542,1.02800909090909
552662,1.21097777777778,0.888305555555556,0.888305555555556,NA
553869,2.3103,1.610825,1.610825,NA
553878,1.39454,1.34799415384615,1.3333303030303,1.33325866666667
553882,0.878434375,0.897735042735043,0.897735042735043,NA
553883,0.0047,0.00328,0.004475,6e-04
553988,0.761766666666667,0.882538461538461,0.882538461538461,NA
553993,0.960751572327044,0.929807717041801,0.929807717041801,NA
554234,0.843745454545455,0.860676706827309,0.814816883116883,0.822545454545455
554340,1.04985555555556,1.09206,1.04985555555556,0.8312
554429,0.927672,0.986588405797101,0.986588405797101,NA
570240,1.30775454545455,1.47476571428571,1.26483333333333,1.00330909090909
570256,1.0605176056338,1.07009657534247,1.07009657534247,NA
570257,1.58889166666667,1.4057358974359,1.63142142857143,1.27494166666667
570267,1.05979090909091,1.05217553956835,1.05577075812274,NA
570481,0.387023076923077,0.320535294117647,0.320535294117647,NA
570489,0.737811111111111,0.860352631578947,0.860352631578947,NA
570560,0.995958333333333,1.02427345679012,1.02427345679012,NA
570615,0.851883333333333,0.977569,0.977569,NA
570632,1.13926071428571,0.901995629820051,0.909766666666667,0.657314285714286
570639,0.388033333333333,0.388033333333333,0.388033333333333,NA
570649,0.82961875,1.06155184729064,0.908886363636364,1.062896875
570663,1.25724558823529,1.03815301204819,1.12682475247525,1.01438823529412
570666,0.580094117647059,0.58170777385159,0.569112162162162,0.533964705882353
570714,0.852914285714286,1.01856748466258,1.00983111111111,0.993171428571429
570717,1.00672745098039,1.03253111888112,1.03253111888112,NA
570731,0.866716666666667,0.998022204968944,0.999559875583204,NA
571035,0.439333333333333,0.648470833333333,0.677833333333333,0.7182
571431,1.18012260869565,1.0550475308642,1.0550475308642,NA
571437,0.880380701754386,0.987947767857143,0.987947767857143,NA
571448,0.936539375,1.03728629148629,1.03963849493488,NA
571466,1.00500086956522,1.02358498789346,1.02698905109489,NA
571473,1.25715454545455,0.8193525,1.08310714285714,1.15610909090909
571476,0.952,0.881039837398374,0.828570588235294,1.02838
571506,1.03745666666667,1.08690940438871,1.07713238993711,NA
571510,0.896545,0.904107542579075,0.851957281553398,1.1284
571539,0.51461052631579,0.643230487804878,0.50038,0.509689473684211
571553,0.782988888888889,0.818306896551724,0.818306896551724,NA
571561,1.55230153846154,1.75799778597786,1.513984,0.970429230769231
571572,0.938909090909091,0.968077551020408,0.830933333333333,0.511527272727273
571578,1.03258378378378,1.02555967741935,0.951737837837838,1.11785277777778
571584,1.09395217391304,1.11435384615385,1.04782413793103,1.02552608695652
571602,0.9583,1.0485,1.0485,NA
571616,0.39402,0.160725,0.33085,0.41578
571656,0.388464285714286,0.382671755725191,0.36674375,0.0996285714285714
571666,0.81161935483871,0.849351595006935,0.793173295454545,1.22083870967742
571670,0.930866666666667,1.0564338028169,0.877142105263158,0.536583333333333
571681,0.89315,0.811104761904762,0.811104761904762,NA
571697,0.932825,1.04620523364486,1.04749981273408,NA
571704,1.62246376811594,1.93039290780142,1.62591388888889,1.05041304347826
571710,1.30795757575758,1.2190219047619,1.21024731182796,1.09195454545455
571718,0.922785714285714,0.870109090909091,0.870109090909091,NA
571735,0.51895,0.772575,0.563566666666667,0.36035
571740,0.934594736842105,0.934178913043478,0.931369281045752,NA
571745,0.989973529411765,1.15763739837398,1.15763739837398,NA
571757,0.926835051546392,0.885809009009009,0.885809009009009,NA
571760,0.7955,0.471796,0.516983333333333,0.3781
571771,1.01028703703704,0.976104166666667,0.976104166666667,NA
571788,0.930941758241758,0.988477258566978,0.988477258566978,NA
571800,0.599411111111111,0.843279047619048,0.656515384615385,0.449111111111111
571812,0.964970588235294,0.908026470588235,0.908026470588235,NA
571830,1.16333018867925,1.05541391304348,1.04838139534884,NA
571841,0.953573529411765,1.16583098591549,1.16583098591549,NA
571851,1.5431,1.5431,1.5431,NA
571863,1.14362857142857,1.00069866666667,0.907415384615385,0.968685714285714
571871,1.38491746031746,1.03384259259259,1.23590886075949,1.1378873015873
571875,1.03270666666667,1.05465697278912,1.05752798634812,NA
571882,1.17917540983607,1.04263224299065,1.11572658227848,1.18087213114754
571893,1.31733620689655,1.09593806818182,1.2780375,1.15968275862069
571901,0.798642857142857,0.530414516129032,0.733239130434783,0.711385714285714
571911,0.199166666666667,0.2621,0.199166666666667,0
571912,0.910005128205128,1.00862777777778,1.00862777777778,NA
571918,0.6491,1.05182142857143,1.05182142857143,NA
571927,0.813578260869565,0.863648305084746,0.846424725274725,1.16730454545455
571946,0.942371428571429,0.985267886178862,0.903362857142857,1.096075
571951,0.80646,0.968929245283019,0.807933333333333,1.23308
571963,0.433414285714286,0.400046808510638,0.475492307692308,0.270471428571429
571969,0.0692,0.107542857142857,0.10335,0.1184
571970,1.001025,1.10787878787879,1.10787878787879,NA
571974,1.06796,1.07935568181818,1.07935568181818,NA
571976,0.897614649681529,1.04810789865872,1.04967014925373,NA
571980,0.962350925925926,0.922687912087912,0.920870523415978,NA
572008,0.9292,0.985816017316017,0.9876431670282,NA
572019,0.929836842105263,0.967820618556701,0.977527083333333,NA
572020,0.83796,1.03786725838264,0.943875,1.132675
572021,0.634228571428571,0.395852941176471,0.634228571428571,0.524257142857143
572033,1.00562,0.720048275862069,0.72835,0
572038,0.6936,0.91445,0.6936,0.4862
572039,0.944309933774834,0.998824332810047,0.998824332810047,NA
572041,0.674345454545455,0.922134782608696,0.922134782608696,NA
572044,1.08400769230769,0.561462068965517,0.952952941176471,0.4351
572070,0.8092,0.970179452054794,0.828027777777778,0.997883333333333
572073,0.816981690140845,0.93989,0.93989,NA
572086,0.28522,0.402904166666667,0.3004,0.11746
572096,1.46829555555556,1.55456632653061,1.32216470588235,0.674624444444444
572102,0.361127777777778,0.3337640625,0.287118367346939,0.397616666666667
572114,0.996186363636364,1.03108567073171,1.03108567073171,NA
572119,0.848281818181818,0.548594444444444,0.703706666666667,0.4981
572122,1.00287025316456,1.03143199404762,1.03291803278689,NA
572128,0.91665,0.992990566037736,0.992990566037736,NA
572140,0.76224,1.05290229357798,0.833620754716981,0.98891
572180,0.5934,1.19220526315789,1.19220526315789,NA
572191,0.85348125,0.970218644067797,0.968805982905983,NA
572193,0.652595,0.738175,0.5684,0.22898
572204,1.06957662337662,1.11018091603053,1.11018091603053,NA
572208,0.4427,0.42117619047619,0.43565,0.6678
572283,0.9912,0.519608108108108,0.923054545454545,0.8520625
572287,1.00697592592593,1.01660526315789,1.01753544973545,NA
572308,1.2046,1.056574,1.15597586206897,0.994344
572309,0.8229,1.42461428571429,0.860275,0.8437
572362,0.8973,0.8428359375,0.847186363636364,0.5201
572365,0.861484126984127,0.957059203980099,0.880673096446701,2.3219
572403,0.808184210526316,0.992564444444444,0.8431375,0.876284210526316
572750,0.727305882352941,0.781218006430868,0.717252747252747,0.894741176470588
572761,0.881453488372093,1.02693262411348,1.02518401420959,NA
572788,0.482995,0.51307520661157,0.595886111111111,0.47228
572816,1.06125878378378,1.03594751381215,1.03594751381215,NA
572821,0.897374193548387,1.09688804664723,1.09688804664723,NA
572831,1.09725625,0.651251111111111,0.980815789473684,1.02549375
572863,0.746795652173913,0.878761333333333,0.878761333333333,NA
572888,1.392122,1.29534224806202,1.27181578947368,1.24558
572971,0.844019230769231,0.925185057471264,0.898465909090909,1.10606538461538
572990,0.838670588235294,0.753021348314607,0.782838461538462,0.594141176470588
573009,0.30708,0.200275,0.30708,0.1712
573046,1.06071333333333,0.968428761061947,0.929964102564103,0.839646666666667
573064,1.06118727272727,0.755677732793522,0.907314102564103,0.861874545454545
573109,1.70058208955224,2.05214548736462,1.70624558823529,0.358759701492537
573113,0.87896875,1.07149850746269,1.07149850746269,NA
573124,1.11024561403509,1.03942076923077,1.04396103896104,1.0710350877193
573131,1.29230714285714,1.15341235955056,1.15341235955056,NA
573135,0.934622352941176,1.11733227848101,1.11733227848101,NA
573185,0.795935294117647,0.98672783625731,0.934124045801527,1.21838235294118
573186,0.8139,0.992441266119578,0.910093548387097,1.189953125
573188,0.955075,0.817637333333333,0.875160869565217,0.7267125
573589,0.468930434782609,0.593261654135338,0.410158823529412,0.469895652173913
573627,0.964757777777778,0.981264204545454,0.981264204545454,NA
573668,0.667172727272727,0.736767391304348,0.729792857142857,0.899136363636364
574847,0.843363157894737,0.798018072289157,0.798018072289157,NA
575929,0.997147297297297,1.06704574468085,1.06704574468085,NA
576397,1.07229527559055,1.04154558139535,1.04154558139535,NA
578428,0.926676296296296,1.00480591715976,1.00480591715976,NA
578570,2.4268,1.29878181818182,1.29878181818182,NA
580792,0.510603703703704,0.37204375,0.43599512195122,0.321048148148148
581527,0.875283168316832,1.01990352112676,1.02216470588235,NA
582494,1.19701428571429,0.807248,1.08622,1.31201428571429
588751,0.86201156462585,1.0235773480663,1.02538007380074,NA
591693,1.3292380952381,1.31317826086957,1.27521458333333,0.967054761904762
591712,0.9597,0.904545454545455,0.904545454545455,NA
591720,0.849233333333333,0.838172727272727,0.838172727272727,NA
592091,0.562157142857143,0.491138271604938,0.468747619047619,0.541746428571429
592102,1.61074776119403,1.74570189393939,1.645772,0.334841791044776
592122,0.616089655172414,0.737595505617977,0.737595505617977,NA
592127,0.868938461538462,0.869247368421053,0.915333333333333,0.623953846153846
592130,0.786983333333333,0.680741379310345,0.701729411764706,0.504041666666667
592135,1.01712666666667,0.905626875,0.969382352941176,0.751744444444444
592169,0.600526666666667,0.640018965517241,0.619144444444444,0.800953333333333
592170,0.39915,0.36058,0.35135,0.50325
592178,0.947675,0.985894540229885,0.987206474820144,NA
592192,1.05020625,1.08084090909091,1.08084090909091,NA
592200,0.9874675,0.976999209486166,0.980845634920635,NA
592206,0.958312727272727,0.962485234899329,0.962485234899329,NA
592222,0.873628205128205,0.662993896713615,0.711084848484848,0.828841025641026
592230,0.7804,0.805070930232558,0.805070930232558,NA
592239,0.516761538461538,0.701509090909091,0.701509090909091,NA
592254,1.105075,0.853387654320988,0.856818181818182,0.814875
592261,0.83551724137931,0.958527,0.963140703517588,NA
592273,0.935282835820896,0.975123983739837,0.977001221995927,NA
592274,0.9896,0.9896,0.9896,NA
592314,0.792490909090909,0.885862720848057,0.856878362573099,1.36451818181818
592325,0.94345,0.873975,0.888918181818182,NA
592330,0.613075,0.812704444444444,0.619,1.1605125
592332,0.81532,1.02992222222222,0.933228877005348,0.9707
592340,0.840736111111111,0.756695454545455,0.8026125,0.808975
592341,0.49527,0.294443636363636,0.422391666666667,0.01138
592346,0.9112,1.13120161290323,0.7927,0.549133333333333
592351,0.816665517241379,0.929443193717277,0.841616666666667,0.908772413793103
592387,0.942275,0.999552142857143,0.999552142857143,NA
592390,1.03847368421053,0.94252100456621,0.954411764705882,1.04688421052632
592407,1.01039512195122,0.816181954887218,0.828623664122137,0
592419,1.17542307692308,1.03806470588235,1.10263541666667,0
592422,0.16635,0.251618181818182,0.16635,0.0676
592426,1.1708875,0.791541935483871,0.94203125,0.550975
592433,0.664892857142857,0.940062055335968,0.968519178082192,0.900792857142857
592444,1.16516,1.02492142857143,1.02492142857143,NA
592450,0.702066666666667,0.803572340425532,0.811723655913979,NA
592454,1.03855172413793,1.06793613445378,0.979252941176471,0.414241379310345
592518,0.863697452229299,0.960183188405797,0.960183188405797,NA
592527,1.262036,1.07447789473684,1.19452592592593,1.107456
592533,0.774911111111111,0.814326168224299,0.805414285714286,0.908144444444444
592567,0.731522222222222,0.928132,0.928132,NA
592592,0.6794,0.93756,0.952990909090909,NA
592593,0.993861111111111,1.03817683923706,0.915522018348624,0.912738888888889
592612,1.7245813559322,1.40470897435897,1.65693768115942,1.58104915254237
592614,0.635957142857143,0.768703149606299,0.71662962962963,0.238
592620,1.01584655172414,0.993078523489933,0.999690540540541,NA
592626,0.941411111111111,0.977847257383966,0.97927822410148,NA
592644,0.10125,0.0441611111111111,0.06595,0.0041
592647,0.2212,0.2212,0.2212,NA
592662,0.83149375,0.970121179302046,0.855155967078189,0.815521875
592663,0.972763235294118,1.03952125693161,1.04140148148148,NA
592665,1.603135,1.54202966666667,1.59875376344086,1.46194125
592669,1.34227272727273,1.12507222222222,1.12507222222222,NA
592677,1.5767,1.11953333333333,1.5767,1.7869
592680,0.955265517241379,0.976812857142857,0.976812857142857,NA
592696,1.06158111111111,1.08140085470085,1.08445685714286,NA
592710,1.02879090909091,1.18888392857143,1.18888392857143,NA
592716,1.1152,1.28966666666667,1.1771,0.2748
592717,0.833383333333333,1.11946507537688,0.99734243902439,1.41625666666667
592731,0.680373913043478,0.764698148148148,0.778735849056604,NA
592741,0.819435135135135,0.691635211267606,0.764265957446808,0.709697297297297
592743,0.933454838709677,1.0187531512605,1.0239532769556,NA
592767,0.823993333333333,0.920684531886024,0.854819230769231,0.839663333333333
592779,0.7396,0.767361194029851,0.698653846153846,0.737771428571429
592789,0.885487096774194,1.0200038701623,0.915564173228346,1.17352580645161
592791,0.813155555555556,0.880007795100223,0.902966666666667,1.17487222222222
592804,1.81817164179104,1.86377338403042,1.82107066666667,1.11961791044776
592808,0.878377083333333,0.903482608695652,0.889462280701754,NA
592811,0.454870833333333,0.563775313807531,0.579072307692308,0.567408333333333
592815,0.376141666666667,0.554170212765957,0.376141666666667,0.404583333333333
592826,0.837783333333333,0.997362900505902,0.898689944134078,1.0935375
592835,0.98826,0.8268,0.8268,NA
592836,0.810516,0.887405693950178,0.856745714285714,1.085168
592863,1.00668888888889,1.07835517241379,1.07835517241379,NA
592866,1.17568571428571,1.10029838709677,0.868522222222222,1.26838571428571
592869,0.733675,0.736716176470588,0.722543434343434,0.545833333333333
592872,1.068625,1.17982222222222,1.14460869565217,1.13915625
592885,0.82602012987013,1.06836503816794,1.0699493883792,NA
593140,1.02639361702128,0.831227137546468,0.950205405405405,0.565902127659574
593160,0.978710126582279,1.05428515151515,1.0606493902439,NA
593372,0.835212903225806,1.00382769409038,0.883280534351145,1.00778709677419
593417,0.96694,0.675719607843137,0.6713125,0.78406
593428,0.849886624203822,1.01919775910364,1.02061514726508,NA
593495,1.10014545454545,1.03074964028777,1.03074964028777,NA
593523,1.553,1.28363571428571,1.30590363636364,NA
593576,1.44823164556962,1.4702972392638,1.45741666666667,1.31026329113924
593582,0.24594,0.312989285714286,0.236114285714286,0.07
593643,1.04980909090909,1.00304310344828,1.00304310344828,NA
593647,0.833847058823529,0.932416666666667,0.932416666666667,NA
593679,0.59869,0.789450549450549,0.644076,0.48225
593700,0.455315789473684,0.617046875,0.617046875,NA
593871,0.884192753623188,0.905685130111524,0.905685130111524,NA
593934,0.994062931034483,1.08812535496957,1.09249470468432,NA
593958,0.81127,0.945795164835165,0.899825641025641,1.30554
593969,0.432133333333333,0.4938375,0.44565,0.232533333333333
593974,0.62787,0.512530769230769,0.62787,0.64477
594027,0.2444,0.164022222222222,0.15845,0
594311,0.498714285714286,0.424118333333333,0.490418181818182,0.308557142857143
594577,0.6131,0.372234285714286,0.404328571428571,0.400075
594694,0.884839285714286,0.881360606060606,0.881360606060606,NA
594736,0.754594736842105,0.79557249070632,0.799492537313433,0.867973684210526
594742,0.79324,0.774510084033613,0.75910487804878,1.77104
594760,0.895213333333333,0.903261739130435,0.883679797979798,1.01992
594772,0.5074,0.877831818181818,0.844271428571429,0.70535
594777,0.931325949367089,0.964433679525223,0.96849001490313,NA
594792,1.01324666666667,0.627468493150685,0.876972727272727,1.0091
594795,1.279896,1.027769,1.16012,0.857132
594798,0.82112962962963,1.04945591397849,0.982534825870647,1.27840833333333
594807,0.953187333333333,1.031886,1.03523160535117,NA
594809,0.853749032258065,1.01752176386913,1.01886168091168,NA
594824,1.0364597826087,1.034921484375,1.034921484375,NA
594828,0.87907109375,1.01176653144016,1.0137993902439,NA
594838,1.0673487394958,0.989143459915612,0.989143459915612,NA
594840,0.76308,1.13642,0.8253,0.84994
594857,0.286141176470588,0.262326470588235,0.268716666666667,0.318682352941176
594943,0.4958875,0.558649110320285,0.587107894736842,0.648625
594951,0.877338461538462,0.768119801980198,0.932834210526316,0.955738461538462
594985,0.28465,0.470726315789474,0.3387,0.322625
594986,0.783501785714286,0.664026666666667,0.651767532467532,0.614305357142857
594988,1.12845243902439,0.981696415770609,0.981696415770609,NA
595001,0.83946875,0.753894444444444,0.808649382716049,0.613540625
595014,1.51608493150685,1.20238076923077,1.40223777777778,1.24135068493151
595023,1.09372105263158,1.00944761904762,1.00944761904762,NA
595025,1.11636666666667,0.8657,0.8657,NA
595032,1.0824,1.0009606557377,0.953686666666667,1.2961
595191,0.802742424242424,0.958332873563218,0.904913909774436,1.11068484848485
595235,0.9636,1.4688875,0.906633333333333,0
595281,0.906195238095238,1.02656642335766,1.02656642335766,NA
595307,0.671772413793103,0.599024060150376,0.580519512195122,0.307762068965517
595345,1.405275,0.903596610169492,1.24095238095238,0.9621375
595386,1.14379565217391,0.953666666666667,0.953666666666667,NA
595465,2.12293333333333,1.5776375,2.0414,1.2962
595751,0.570966666666667,0.842135294117647,0.842135294117647,NA
595777,1.05266091954023,1.0682016286645,1.0682016286645,NA
595879,1.0282553030303,1.02535615212528,1.02535615212528,NA
595887,4.3136,4.3136,4.3136,NA
595918,0.86305,1.01750114285714,0.95223829787234,0.9260375
595963,1.02800697674419,1.0353400862069,1.0353400862069,NA
595978,0.7778125,0.846973076923077,0.846973076923077,NA
596019,0.836494936708861,0.961280235988201,0.964089053254438,NA
596043,0.835364285714286,0.926684776119403,0.74293734939759,0.900014285714286
596049,0.4483,0.781855555555556,0.6732,0.26555
596057,0.799521428571429,0.870223606557377,0.786382051282051,1.23765
596059,0.933287333333333,1.02900303514377,1.0321858974359,NA
596064,0.84512,1.05504660194175,0.768866666666667,0.94036
596112,0.8423125,1.04887049180328,0.952605882352941,0.92515
596115,0.915740206185567,0.99763156626506,0.999928985507246,NA
596119,1.0246,1.0803972972973,1.0803972972973,NA
596129,0.449614285714286,0.369361538461538,0.369361538461538,NA
596133,0.685322222222222,0.858528888888889,0.822241176470588,0.617333333333333
596142,0.860637735849057,0.937214847161572,0.937214847161572,NA
596143,0.94984,0.861462626262626,0.874449230769231,0
596144,0.91214609375,0.981181102362205,0.981181102362205,NA
596146,0.979310280373832,1.0920126984127,1.09448977272727,NA
596331,0.511742857142857,0.416439682539683,0.449758823529412,0.509735714285714
596451,0.833013333333333,0.897010144927536,0.908388235294118,NA
596748,0.823147368421053,0.997071268057785,0.997071268057785,NA
596847,1.05920212765957,0.948474615384615,0.955747286821705,NA
598264,1.35922903225806,1.11178194444444,1.19659666666667,1.30874838709677
598265,0.891842948717949,0.995836650868878,0.995836650868878,NA
598284,1.30606296296296,1.09216119402985,1.09216119402985,NA
598287,0.9143,0.809404918032787,0.87644,0.49475
599683,0.518233333333333,0.567736734693878,0.460316666666667,0.515833333333333
599998,0.517638888888889,0.571545918367347,0.517141666666667,0.2053
600301,0.920603333333333,0.894128421052632,0.903507446808511,0
600303,1.09172027027027,1.08746428571429,1.09348323353293,NA
600474,0.810776923076923,0.867812121212121,0.867812121212121,NA
600524,1.178825,1.14855333333333,1.14855333333333,NA
600526,1.239375,2.10635,1.239375,0.48705
600869,1.48386,0.993278571428571,0.993278571428571,NA
600917,0.3571,0.324815151515152,0.3226,0.299408333333333
600944,0.402333333333333,0.79241724137931,0.539271428571429,0.247733333333333
602922,1.0857375,1.32638846153846,1.32638846153846,NA
605113,1.02710227272727,1.05543311688312,1.05856905537459,NA
605125,0.835640579710145,0.974921198156682,0.979306944444444,NA
605131,0.837011111111111,1.03477567567568,1.03477567567568,NA
605135,0.8704,1.03330763358779,0.853475862068966,0.92926
605137,1.07798666666667,1.04616644736842,1.04616644736842,NA
605141,0.850499367088608,0.989286325966851,0.991961772853186,NA
605151,0.836457692307692,1.03478040935673,0.86296358974359,1.13514615384615
605152,0.79025,0.492845454545455,0.533644444444444,1.11158333333333
605164,0.917094444444444,0.806711134453782,0.776391935483871,0.696166666666667
605177,1.08378064516129,0.909453608247423,1.05393823529412,1.14739677419355
605182,0.948941176470588,0.935218376068376,0.865271186440678,1.08015882352941
605183,0.579768181818182,0.768919298245614,0.768919298245614,NA
605194,0.80646,0.849246363636364,0.843261290322581,1.04864
605200,0.826164285714286,0.994814130434783,0.953473706896552,1.28525
605218,1.28003055555556,1.13854565217391,1.12908666666667,0.819094444444444
605222,0.813766666666667,1.05889047619048,1.03124210526316,1.92656666666667
605226,1.08455555555556,0.663587096774194,0.954708333333333,1.53857777777778
605227,0.925694736842105,0.887871428571429,0.887871428571429,NA
605228,0.940683333333333,1.01708404522613,0.947003265306122,1.04242413793103
605232,0.823054545454545,0.874389593908629,0.783246443514644,0.884922580645161
605242,0.817688461538462,0.92524511627907,0.910845454545455,1.33382307692308
605253,0.0108,0.0142666666666667,0.0142666666666667,NA
605304,0.87025,0.862263333333333,0.871236842105263,0.933316666666667
605309,1.28544571428571,1.31136733333333,1.2665487804878,1.41036285714286
605359,0.99096,0.806120512820513,0.902657894736842,0.422746666666667
605388,0.772408695652174,0.904377323420074,0.883120382165605,1.06814782608696
605396,0.999575,0.818675177304965,0.928494871794872,0.6418125
605397,0.810318181818182,0.930116342412451,0.897676119402985,1.14249090909091
605400,0.84772,0.998106809338521,0.918030872483221,1.03227
605412,0.9533944,1.09107748091603,1.09484482758621,NA
605439,0.8602875,0.97835,0.97835,NA
605452,0.847338095238095,0.950439014373717,0.845817880794702,1.27228947368421
605476,0.669966666666667,0.54599,0.669966666666667,0.731466666666667
605480,0.962848529411765,1.10586478873239,1.10586478873239,NA
605483,0.815768421052632,0.881442964824121,0.740807070707071,0.965931578947368
605486,1.00759285714286,1.10955769230769,1.10955769230769,NA
605508,0.9179,1.24505,1.24505,NA
605509,1.17584791666667,1.1303675,1.1303675,NA
605512,0.89994375,0.915606293706294,0.922004225352113,NA
605525,0.228525,0.119475,0.14506,0.0056375
605538,0.886525925925926,0.952763231197772,0.988252073732719,0.876351851851852
605541,0.699861111111111,0.912792682926829,0.802165,1.15742222222222
605894,0.681059259259259,0.481316556291391,0.605404651162791,0.49807037037037
606115,0.936354545454545,0.98104212962963,0.990155607476636,NA
606131,0.726225714285714,0.98731087267525,0.9227775,0.784228571428571
606132,0.910745,1.01576585365854,1.01576585365854,NA
606160,0.471133333333333,0.739815306122449,0.689744444444444,0.542511111111111
606167,0.0044,0.0136076923076923,0.00753333333333333,0.0048
606192,1.06001081081081,0.836192792792793,0.836192792792793,NA
606273,0.566866666666667,0.437134146341463,0.4439375,0.0153666666666667
606291,1.5241487804878,1.5139049689441,1.49891956521739,0.968082926829268
606299,0.952534782608696,0.982782421875,0.982782421875,NA
606466,0.884596610169492,0.995830151843818,0.996904130434783,NA
606930,0.789107407407407,0.715018095238095,0.795496774193548,0.498225925925926
606965,0.92261875,0.795036609336609,0.802039669421488,0.689622916666667
606983,1.10696315789474,0.957635365853658,1.00761923076923,0.949921052631579
607043,0.899125,1.00330125,1.00330125,NA
607054,1.00399292035398,1.11479653465347,1.11479653465347,NA
607067,1.07294285714286,0.938334156378601,0.872585034013605,1.10971
607074,0.855885714285714,1.07892573839662,0.909824571428571,1.06745714285714
607192,0.592071428571429,0.860957272727273,0.756166666666667,1.17354285714286
607208,0.827287323943662,0.929721495327103,0.9312153125,NA
607223,0.863177272727273,0.807548571428571,0.813246043165468,NA
607229,0.9701125,1.18878507462687,1.048259375,1.6011125
607231,0.651365,0.695207391304348,0.746736363636364,0.362055
607257,0.286633333333333,0.376228571428571,0.376228571428571,NA
607259,0.672758333333333,0.743111797752809,0.631212765957447,0.782233333333333
607309,0.647158333333333,0.591427272727273,0.528216666666667,0.305125
607320,0.318175,0.371694444444444,0.377966666666667,0.27825
607345,1.13948333333333,0.884253333333333,0.884253333333333,NA
607352,1.04556166666667,1.22384455782313,1.00842235294118,0.983733333333333
607359,0.6655625,0.631977227722772,0.592496296296296,0.37454375
607374,0.840538461538462,1.05685892255892,0.9444,1.22770769230769
607385,1.11832244897959,0.973223841059603,0.973223841059603,NA
607387,1.10516363636364,0.933331203007519,0.933331203007519,NA
607430,0.7636,0.7636,0.7636,NA
607457,1.50160133333333,1.64056983606557,1.48211481481481,1.492408
607625,0.640964705882353,0.901392391304348,0.721855813953488,0.639223529411765
607680,0.918248951048951,0.993406724137931,0.995422491349481,NA
607706,1.2472,0.482613636363636,0.5805,0
607727,0.23915,0.280611764705882,0.23915,0.59615
607732,2.14966,1.15710666666667,1.15710666666667,NA
607776,1.28385555555556,1.17178095238095,1.17178095238095,NA
608032,1.38055873015873,1.49759346938776,1.35669420289855,0.704071428571429
608061,0.952375,0.977664864864865,0.977664864864865,NA
608070,0.984608108108108,0.993638009787928,0.993638009787928,NA
608167,1.7022,2.1828,1.7022,3.5746
608324,0.835918367346939,0.932422790697674,0.932422790697674,NA
608325,0.18045,0.445071428571429,0.519183333333333,NA
608334,0.608125,0.875128301886792,0.606953333333333,0.8547125
608336,1.28775,1.11153,1.11153,NA
608337,0.7557,1.1190179245283,1.01890344827586,1.42695
608348,0.5391,0.5649,0.5649,NA
608349,1.35422571428571,1.59412569444444,1.34659166666667,1.34344571428571
608365,1.14752565789474,1.03765402684564,1.03765402684564,NA
608369,0.891435897435897,0.97738567251462,0.979175513196481,NA
608379,0.73982962962963,0.942859937888199,0.862248663101604,0.929677777777778
608566,0.52395,0.732803773584906,0.79121875,0.50615
608577,0.918917931034483,0.983499286987522,0.983499286987522,NA
608596,1.25926,1.04158367346939,1.04158367346939,NA
608638,0.850792,0.647923,0.779786666666667,0.406212
608648,0.827188461538461,0.972858445945946,0.872582517482517,0.995626923076923
608665,0.805564516129032,0.975429795396419,0.874477832512315,1.43436129032258
608671,0.84718018018018,0.944546719160105,0.944546719160105,NA
608672,0.98962,1.16723333333333,1.16723333333333,NA
608678,0.584608,0.531753435114504,0.4733375,0.171592
608698,3.9247,3.72058333333333,3.9247,0
608700,1.16080666666667,1.12595135135135,1.12595135135135,NA
608701,0.906869090909091,0.867817647058824,0.863227810650888,NA
608703,1.16228536585366,1.06576631578947,1.07666595744681,NA
608717,0.358585714285714,0.269184090909091,0.272454545454545,0
608718,0.995428571428571,0.799721739130435,0.916439285714286,0.953035714285714
609275,0.927934782608696,1.10822551724138,1.10822551724138,NA
611093,0.794415384615385,0.538394017094017,0.6972,0.206780769230769
611177,0.907217164179104,1.07328709677419,1.07328709677419,NA
612434,1.52113684210526,1.25175074626866,1.446195,1.23782105263158
612672,0.835772727272727,0.924056890459364,0.871531843575419,1.51954090909091
615868,1.47586666666667,1.09776,1.34675,0.4792
621020,0.963510810810811,1.09457832167832,1.09457832167832,NA
621035,0.902677419354839,0.910459375,0.910459375,NA
621043,0.952654901960784,1.07216074188563,1.07377569659443,NA
621052,0.9422,1.26790196078431,1.05480158730159,1.00655833333333
621107,0.916509090909091,0.838709722222222,0.8461125,0.692345454545455
621121,0.824207142857143,1.01717966101695,0.88274367816092,1.45457857142857
621199,1.03744745762712,1.00767625899281,0.94932125,1.08102542372881
621209,0.92886,0.813365420560748,0.832841379310345,1.38792
621219,0.145,0.176210526315789,0.1089,0.2823
621242,1.80010204081633,2.07067889908257,1.75477580645161,0.736842857142857
621244,0.839278571428571,0.896736524822695,0.762946875,0.7935
621281,1.8997,1.07860487804878,1.19681666666667,1.32146666666667
621294,1.21803,0.80384358974359,1.21803,1.59343
621295,1.06918958333333,1.02393981042654,1.0711015625,0.873583333333333
621311,1.09359677419355,1.04053898305085,1.04489021276596,NA
621381,1.97691904761905,1.5798275862069,1.69143548387097,1.80981904761905
621385,1.50437142857143,0.835404,1.3217625,0.466571428571429
621389,0.42065,0.769907575757576,0.759819047619048,0.698075
621397,0.7269,0.228176923076923,0.347933333333333,0
621408,0.2309,0.264547058823529,0.26034,0.4632
621439,1.12620561797753,1.17145443425076,1.17145443425076,NA
621493,3.2609,3.2609,3.2609,NA
621559,1.45485,1.45485,1.45485,NA
621563,0.905844444444444,0.912288235294118,0.912288235294118,NA
621566,0.7491,0.548617857142857,0.548617857142857,NA
622017,1.3544,1.3544,1.3544,NA
622072,0.654021428571429,0.974102205882353,0.929428235294118,1.31881428571429
622097,0.80646,0.968298023715415,0.915216666666667,0.81062
622110,0.923648888888889,1.0244455801105,1.02721301939058,NA
622194,0.861461290322581,0.8463,0.8463,NA
622534,0.787744444444444,1.23631142857143,1.23631142857143,NA
622663,0.883831818181818,1.03326612903226,0.870348101265823,0.765168181818182
622795,0.2732,0.416935294117647,0.296725,0.20485
623143,1.15604328358209,1.19420607734807,1.19420607734807,NA
623166,0.1122,0.1122,0.1122,NA
623182,0.7109375,0.794641666666667,0.794641666666667,NA
623184,0.9269375,0.908827678571429,0.806390322580645,0.602383333333333
623395,0.7523875,0.760592907801418,0.719615384615385,0.8595375
623406,0.7444,0.7314375,0.7444,0.654771428571429
623430,1.39426571428571,1.17510070175439,1.25033229166667,1.05341857142857
623439,0.726454054054054,0.69597573964497,0.690355769230769,0.618751351351351
624424,0.991832407407407,0.993482132564842,0.996224855491329,NA
624428,1.07957288135593,0.996791823899371,0.996791823899371,NA
624577,1.15083883495146,1.12304945652174,1.12304945652174,NA
624585,0.993233333333333,0.928707575757576,0.928707575757576,NA
624586,0.890386363636364,0.686623333333333,0.78769,0.414945454545455
625643,0.6892,0.864727830188679,0.645432786885246,0.863009090909091
628317,0.797418181818182,0.897183974358974,0.8629196,0.9203125
628329,1.1189,0.8080625,0.8080625,NA
628333,0.671642105263158,0.684388805970149,0.618443243243243,0.726536842105263
628338,0.768210256410256,0.938615094339623,0.947260952380952,NA
628356,0.979256,1.06772520547945,1.07062417582418,NA
628452,1.28892432432432,1.43475928143713,1.18760434782609,0.800035135135135
628711,0.757661111111111,0.920203324099723,0.821518691588785,1.20226111111111
630111,0.970071428571429,1.1202486535009,1.1202486535009,NA
640455,0.831904,1.01023361629881,0.903641558441558,0.96904
640461,0.769142857142857,0.825641818181818,0.825641818181818,NA
640463,0.901723076923077,1.05540362537764,0.881438613861386,0.984023076923077
641313,0.883665306122449,1.02732693208431,1.02964507042254,NA
641319,1.19641428571429,1.059388,1.059388,NA
641490,0.918155172413793,0.532395714285714,0.82490303030303,1.07371034482759
641501,1,1.10835833333333,1,0.410066666666667
641531,0.593725,0.81137,0.81137,NA
641627,0.890422222222222,1.01985,0.890422222222222,0.6767
641771,0.748586666666667,0.869211963190184,0.801678,1.15886428571429
641820,1.07394,0.957673333333333,0.957673333333333,NA
641838,1.15993,0.934975,0.987923076923077,0.74383
641958,0.495055555555556,1.28698947368421,1.28698947368421,NA
642003,0.84117,0.799433472803347,0.722239682539683,0.59203
642162,0.57717,0.786663157894737,0.786663157894737,NA
642229,0.958066666666667,0.803572826086957,0.75120612244898,0.811544444444444
642239,0.9329875,1.11282463768116,0.818657142857143,0.9200625
643217,0.894070588235294,1.05528474576271,1.06429914529915,NA
643230,0.7322,0.783418235294118,0.785490909090909,0.8921
643297,1.1248,0.5943125,0.965485714285714,1.0562
643325,0.795542857142857,0.393490697674419,0.71285,0.656978571428571
643327,0.791540740740741,0.835833994334278,0.712449504950495,1.03846296296296
643338,0.7388,0.877350248756219,0.899881481481482,0.652666666666667
643354,0.825440909090909,0.625057746478873,0.750835714285714,0.800890909090909
643355,0.985204166666667,0.769818461538462,0.904133333333333,1.0141125
643364,2.2852,3.10495,3.10495,NA
643393,1.17032037037037,1.06787925925926,1.06787925925926,NA
643550,0.7811,1.10038125,0.8237,0.0147
643603,1.02273837209302,1.01497509025271,1.02593394160584,0
645848,1.19285,1.68676666666667,1.68676666666667,NA
648737,0.98281,1.49691363636364,0.984638461538462,0.93927
649557,0.902638738738739,1.02155176211454,1.02577671840355,NA
656186,0.855613333333333,0.608397872340426,0.80404375,0.749166666666667
656546,0.6733875,0.763690909090909,0.758940476190476,0.3728125
656547,0.94745,0.897122222222222,0.950972727272727,0.8632125
656941,1.0154,0.7362,0.7362,NA
657205,1.07070952380952,1.00573582089552,1.03124583333333,1.30621904761905
657670,0.960708333333333,0.763768235294118,0.945256666666667,1.19109166666667
660162,0.550585714285714,0.77396,0.77396,NA
660168,1.7489,2.14065,2.14065,NA
664058,1.9892,3.29585,3.29585,NA
664641,0.919033333333333,0.756722173913044,0.733348387096774,0.784258333333333
666560,0.822088709677419,1.10552049180328,1.10552049180328,NA
