"","value","gmLI_pLI_diff","inLI_pLI_diff","inLI_exLI_diff"
"1","112526","0.130270208398567","0.0751872538531121","0.225295833333333"
"2","115629","0.130797001763669","0.135288776655443","-0.350382034632035"
"3","116338","0.0702477932547578","-0.0014031258675955","NaN"
"4","120074","0.0436802518925739","-0.001653146135004","NaN"
"5","121347","0.0319250337555456","-0.00325648877821205","NaN"
"6","133380","-0.0111353029551413","-0.00236799031018764","NaN"
"7","134181","-0.0574061895551257","-0.00316830789655442","NaN"
"8","136600","-0.13294","0.1430225","0.3117625"
"9","136860","0.154403440204284","-0.00187290187965905","NaN"
"10","150029","0.133473857623858","-0.00280615202166912","NaN"
"11","150116","-0.0426181250000001","0.0707860416666667","-0.0485333333333333"
"12","150212","-0.00266094956253227","-0.00542413059701508","NaN"
"13","150229","0.0253881534742708","0","NaN"
"14","150274","0","0","-1.6703"
"15","150302","-0.213543333333333","0.0509833333333334","-0.150583333333333"
"16","150359","0.156091552936311","0.0849364247311828","0.345183333333333"
"17","217096","0.0937222222222223","0.0769763888888889","0.0769208333333333"
"18","217100","0.169069705469846","0","NaN"
"19","218596","0.165676325088339","0.093744506906521","0.644226515151515"
"20","234194","-0.206577556818182","-0.102351041666667","-0.253946212121212"
"21","276351","0.106255917874396","0.106255917874396","-1.51982777777778"
"22","276514","0.149513818181818","0.0670166153846155","-0.332851748251748"
"23","276519","0.0712092046605876","-0.00162486199846668","NaN"
"24","276542","-0.0376880656008496","-0.0376880656008496","-0.00813731343283597"
"25","279571","0.00886422893481709","-0.00698745173745174","-0.163575210084034"
"26","279824","0.0947980279126214","0.113751827795251","-0.0537399501173709"
"27","282332","0.237018661820269","0.1735475387226","0.28675991138509"
"28","285064","-0.0628938871473355","0.00661241395896561","-0.172160365560366"
"29","285078","-0.029228","-0.00655826815642468","NaN"
"30","285079","0.0356997329224448","0.0450962020782889","0.278035863095238"
"31","329092","-0.300044234900931","-0.243567389830508","-0.131679492957747"
"32","346793","-0.401368817838603","-0.311768879873342","0.0487057071960297"
"33","346797","-0.107995238095238","-0.162519047619048","0.173442857142857"
"34","346798","-0.0538965362762238","0.0359515596872186","0.0153984078137543"
"35","346847","-0.306211350083097","-0.219639274611399","-0.338563773584906"
"36","346874","-0.0104263097072421","-0.00266150172612201","NaN"
"37","400085","0.101998612440191","-0.00927523510971784","-1.05476068965517"
"38","400089","-0.445337333333333","-0.445337333333333","-1.18678333333333"
"39","400121","-0.0145800859106529","0","NaN"
"40","400284","0.0963820801641648","0","NaN"
"41","405395","0.161257311247475","-0.00312890001491772","NaN"
"42","407781","0.138766059422514","-0.00195226189226094","NaN"
"43","407793","0.13056698014629","0.0861334281312951","0.228457357075914"
"44","407812","0.169331796820318","0.00189456966391277","NaN"
"45","407819","-0.0785821428571427","-0.0894092933947772","-0.194117150537634"
"46","407822","0.184671133903134","0.0987493898056472","0.0735590251332826"
"47","407845","0.411276417498407","0.4125557452295","-0.597836848739496"
"48","407862","-0.112886029411765","0","NaN"
"49","407890","0.0764794372294372","0.0585689368770764","0.183171317829457"
"50","407893","-0.0199148511555034","-0.00454129200683506","NaN"
"51","407908","-0.184693368107303","-0.136197053610988","-0.0833158067158066"
"52","408042","2.25825","0","NaN"
"53","408045","0.130053751369378","-0.00138674012510664","NaN"
"54","408047","-0.152886388888889","0","NaN"
"55","408061","0.0280988006230529","0.0280988006230529","-1.40954833333333"
"56","408234","0.155131442439451","0","NaN"
"57","408236","0.187739982809182","0","NaN"
"58","408241","0.122760650599805","0.0379665547833412","0.176400641025641"
"59","408242","0.392135714285714","0","NaN"
"60","408252","0.113778530240338","-0.000440850518887537","NaN"
"61","408299","0.0877030127504553","0","NaN"
"62","408307","0.0901584404251943","0","NaN"
"63","408314","0.116560591133005","-0.00255316842690378","NaN"
"64","421685","0.130606620344396","0.0634984954368927","0.0328815302649104"
"65","424144","-0.295758650793651","-0.24397076652602","0.0591107414104883"
"66","424325","-0.219304010695187","-0.0291224980901452","-1.10032142857143"
"67","424825","0.0566805006587616","0","NaN"
"68","425386","0.165777477477478","0.0894441441441441","0.24561"
"69","425492","-0.026408193277311","0.00886057142857144","-0.306285647058824"
"70","425496","-0.214414222222222","0","NaN"
"71","425509","0.186126848320638","-0.00175905541720112","NaN"
"72","425532","-0.0330021227768216","0.0803278979271121","0.0601966873706005"
"73","425543","-0.134229305555556","-0.0607022222222222","-0.913866666666667"
"74","425549","0.0498048653755314","0.0161240312513091","NaN"
"75","425557","-0.21985608974359","0","NaN"
"76","425560","0.00715417529330553","-0.00661372153209117","-1.10680916666667"
"77","425567","-0.0112540947723833","-0.00206695191524042","NaN"
"78","425626","0.0895934032634033","0.0959214781297134","-0.155699197860963"
"79","425657","-0.325187943071966","-0.300422881152461","-0.322444148606811"
"80","425664","-0.029577041349455","0","NaN"
"81","425766","-0.0106164551942902","0","NaN"
"82","425772","0.225270623238334","0","NaN"
"83","425783","0.0669573024063868","-0.00279873423147725","NaN"
"84","425784","-0.0515698935410782","0","NaN"
"85","425786","-0.190547026486757","-0.169044518125553","-0.394514882943144"
"86","425794","0.392497478991597","0.0547369526758072","-0.0907748120300751"
"87","425796","-0.110263628815629","-0.0325973506493507","-1.26826363636364"
"88","425834","-0.0930345640756303","0","NaN"
"89","425835","-0.171979473684211","-0.192557655502392","0.333421818181818"
"90","425840","-0.225861554621849","-0.166729235880399","-0.104639740082079"
"91","425844","0.261445184145674","0.0866189568354427","0.257842522689769"
"92","425856","-0.00781402597402597","0.000328831168831173","-0.0706285714285714"
"93","425877","0.130351473063973","0","NaN"
"94","425900","0.00594924486508264","-0.00548069440617249","NaN"
"95","425902","0.0403668249710643","-0.0013770059827185","NaN"
"96","429400","-0.190552291666667","-0.0622572916666666","-0.19521"
"97","429664","0.130697923697583","0","NaN"
"98","429665","-0.0743089371980676","-1.8174569673679e-06","NaN"
"99","429666","0.0903208344455168","-0.00239952571089397","NaN"
"100","429667","-0.0297684147132402","-0.00219673481721827","NaN"
"101","429711","-0.146830711086226","0","NaN"
"102","429713","0.12292538396802","0","NaN"
"103","429717","0.0645830259112868","0.0505987624270233","0.292518388030888"
"104","429719","-0.269396328375071","-0.0396026146419951","-0.0380020309477755"
"105","429722","0.212262598577893","0.0764181425653991","0.354649661634565"
"106","429780","-0.12814640625","-0.142357103924419","-0.0530706976744186"
"107","429781","0.104739166666667","0.164984166666667","0.281545"
"108","429783","0.145700989081567","0.115705025362746","-0.185155963718821"
"109","430001","-0.0762539965497413","0","NaN"
"110","430203","-0.0218237573665099","0","NaN"
"111","430321","-0.075965125324114","0","NaN"
"112","430404","-0.0806889572989076","-0.0186080261248185","-0.992565384615385"
"113","430580","0.163739721926819","0.0796184667367836","0.461533583519642"
"114","430589","-0.03172907960199","-0.0378650319829426","-0.399444285714286"
"115","430599","0.0916415318230852","-0.00751105215624304","-0.150730361757106"
"116","430603","0","0","NaN"
"117","430605","-0.0700299264705884","-0.0158165496049165","-1.07442537313433"
"118","430611","-0.0793731829573936","0","NaN"
"119","430613","0.0496536036036036","0.11382027027027","-0.15935"
"120","430630","-0.106856149193548","-0.00726344086021513","-0.0490760416666667"
"121","430637","-0.0659737921268762","-0.00305271437782073","NaN"
"122","430641","-0.0681189616755793","0.0265742637044604","-0.0899582452081957"
"123","430652","0.0864553330879647","0","NaN"
"124","430661","0.10880695970696","0.109260769230769","-0.23234619047619"
"125","430681","-0.207058571428571","0","NaN"
"126","430832","0.0740286164264903","0.00059080848280002","NaN"
"127","430897","-0.251377600979192","0","NaN"
"128","430910","-0.00511269342730203","-0.00255264989894455","NaN"
"129","430911","-0.369744389204545","-0.202406916920732","-0.302941315594974"
"130","430912","0.132143349358974","-0.00767305471887547","0.290806672845227"
"131","430935","0.187001339771491","0.0719525897714908","0.016195"
"132","430945","0.125921156517566","-0.00177350122636466","NaN"
"133","430947","0.104532411922467","-0.00251160995022859","NaN"
"134","430948","0.000266613798572735","0.00748738819320227","NaN"
"135","431094","-0.176624261436617","-0.00288920396535253","NaN"
"136","431145","-0.13995553469143","-0.000838774738231463","NaN"
"137","431148","0.150019397283531","0.0479288252848616","0.258138460259395"
"138","431151","0.201452172582619","0.021246032231742","NaN"
"139","431162","-0.13490404040404","-0.085919595959596","-0.0363044444444445"
"140","431171","-0.0209132768464306","0","NaN"
"141","432934","0.0769088","0.00422954074074067","0.289573681917211"
"142","433217","0.0458515731874144","-0.00749726259689942","NaN"
"143","433579","0.11495498687664","0.101771115908899","0.0814761290322581"
"144","433584","0.0489233519553073","0.0600370476074812","0.167748695652174"
"145","433585","-0.116362914862915","0.0214049422799423","0.280739285714286"
"146","433586","0.202367010625883","0.202511029965803","-1.48362015976456"
"147","433587","0.154283005793924","0.0235322768857357","-0.0417345998759305"
"148","433589","-0.122964263736264","-0.125115284144427","-0.211420068027211"
"149","434137","-0.258658552631579","-0.2065255","-0.0448722105263157"
"150","434158","0.0677012738853503","-0.00134365781710921","NaN"
"151","434378","0.105842452830189","0.054059511653718","0.0696770588235294"
"152","434442","-0.239557855973813","-0.210380716212167","-0.293227475622968"
"153","434538","0.186960042751652","0.0839134972072196","0.27345668026202"
"154","434540","0.104550091575092","-0.0199183257918552","-1.0380862745098"
"155","434563","0.0716740285546069","0","NaN"
"156","434567","-0.0132053302675583","0","NaN"
"157","434604","-0.000134870641169904","-0.00428515296753917","NaN"
"158","434622","0.210793923173804","0.185801854645885","0.218114181472081"
"159","434628","-0.0379428385416667","-0.00507443576388888","0.474072132616487"
"160","434636","0.0560094649191284","0.000889441319984474","NaN"
"161","434643","0.205628020565553","0.202143810039237","0.49104520123839"
"162","434658","0.0425929528817404","-0.00167673179130179","NaN"
"163","434665","-0.339","-0.239704910714286","0.219384375"
"164","434670","0.0723842971449353","0","NaN"
"165","434671","0.014926033383915","0.0587585039721503","-0.0813715294117646"
"166","434678","0.05235","0.0340166666666667","-0.0243333333333333"
"167","434718","0.110001625553447","0.087926862745098","-1.60981024667932"
"168","434778","-0.0572295215787899","-0.00159908393154318","NaN"
"169","435043","-0.00923026777264369","0.0446843735637468","-0.131771274156567"
"170","435044","0.0462632653061225","-0.188923401360544","-0.281986666666667"
"171","435045","-0.306918395303327","-0.164846214852199","-0.366263533834587"
"172","435062","0.106167469251615","0","NaN"
"173","435063","0.016249898538961","0","NaN"
"174","435064","-0.134544406392694","0","NaN"
"175","435078","-0.0119632805219012","0","NaN"
"176","435079","0.196809598757291","-0.00163874075869597","NaN"
"177","435221","0.00493009708737868","-0.0654699029126213","0.2723"
"178","435263","0.027053316687474","0","NaN"
"179","435400","0.0915875139067179","0.0972499240303879","-0.450720046016681"
"180","435401","-0.0320103267861738","0.0190804469037762","NaN"
"181","435522","0.0625632858719648","-0.00494316219239366","NaN"
"182","435559","0.0623683110587002","-0.00207667318499727","NaN"
"183","435622","0.164102807530023","-0.00162073060643153","NaN"
"184","435623","-0.0832923076923078","0","NaN"
"185","443558","0.138258469763118","-0.00162037031785411","NaN"
"186","444379","-0.0301647479077363","0","NaN"
"187","444432","0.0657349800294303","0","NaN"
"188","444436","-0.0697065","-0.0885302903225806","-0.0896412903225807"
"189","444446","-0.00559307692307698","0.0127202564102564","-0.03078"
"190","444468","0.150629347826087","0.153331979405034","-1.29122375730994"
"191","444482","-0.0247491806143711","0","NaN"
"192","444520","-0.190364642857143","-0.0830818223443223","-0.171534957264957"
"193","444836","-0.0231038095238095","0.121612857142857","0.56365"
"194","444843","-0.0780074475975492","-0.0022417300797728","NaN"
"195","444857","0.0691904479089335","0.0766210280465932","0.242797246804326"
"196","444876","0.0991618037244562","-0.00266754167599015","NaN"
"197","444935","-0.213865854800937","-0.187371926229508","-0.110468928571429"
"198","445055","0.0104595041322313","0","NaN"
"199","445060","-0.146757904761905","0.0695072467532467","0.229842929292929"
"200","445095","0.166816666666667","0","NaN"
"201","445163","0.123376634231537","0.123376634231537","-0.291114583333333"
"202","445170","-0.074760119047619","0.0472594298245614","0.262276691729323"
"203","445197","-0.217274011299435","-0.163511927966102","-0.0429879166666667"
"204","445213","-0.112667953667954","0.121919189189189","-0.520141428571429"
"205","445276","-0.0127570630932439","-0.0213105984467792","-1.74185538720539"
"206","445590","0.13643894129979","0.0671985994194485","-0.0209958974358974"
"207","445612","0.0608785143237842","0.102507094495143","-0.0333372093023255"
"208","445926","0.122779014363546","0.0824802175193649","0.091054536489152"
"209","445968","-0.0171155555555556","-0.0171155555555556","0.36853"
"210","445988","0.206136933629326","-0.00174633507505351","NaN"
"211","446099","0.408435349462366","0.40549299973559","-1.13708234972678"
"212","446192","-0.93055","0","NaN"
"213","446225","0.3824","0","NaN"
"214","446263","0.140413168276972","0.00810648814229231","NaN"
"215","446308","-0.0875395349940687","-0.00340222547025926","NaN"
"216","446321","-0.312793428184282","-0.111109567901234","0.117978982234267"
"217","446334","0.210128740346808","-0.0012186195623991","NaN"
"218","446359","0.138705188679245","0","NaN"
"219","446372","0.0784346597300337","0.0346625852619487","0.234215425531915"
"220","446381","0.010676724137931","0","NaN"
"221","446386","-0.0888823840725808","0","NaN"
"222","446399","0.0695611485474692","0.0692801271534043","-0.312222291235335"
"223","446481","0.0521231720725672","0","NaN"
"224","446653","0.032056049736968","0","NaN"
"225","446899","0.0260844289044289","0.0429512550607287","-1.13608923444976"
"226","447714","-0.0397487492182613","-0.0143163589743589","-0.089221268292683"
"227","447755","-0.243662204724409","-0.248106941566515","-0.539715704584041"
"228","448159","-0.202280135658915","-0.15489718111346","-0.151069545454545"
"229","448170","-0.169727743902439","0","NaN"
"230","448178","0.164035881376038","0.161822392198549","-0.570281489177489"
"231","448179","-0.000434761904761993","-0.0637088998357964","0.311500862068966"
"232","448281","0.451594736842105","0.281674736842105","-0.884028333333333"
"233","448306","0.143392746580274","0.105936592281098","0.315315815397794"
"234","448602","0.110839492268871","-0.000484240543894732","NaN"
"235","448605","0.0423591758241758","0","NaN"
"236","448609","-0.0786663084112149","-0.0505644252943318","-0.201863116883117"
"237","448614","0.00371402857543068","-0.0023127555458895","-0.179003055307761"
"238","448674","-0.0154333333333333","0","NaN"
"239","448801","0.0475640809571096","-0.00307922135655891","NaN"
"240","448802","0.220762012750455","0.080012878672243","0.448740865921788"
"241","448855","0.274727777777778","0.175319444444444","-0.441775"
"242","449079","-0.179588856304985","-0.136816129032258","-0.187236363636364"
"243","449097","0.161623902308822","0.129085099021713","-1.24813710837185"
"244","449107","0.00612245341614903","0","NaN"
"245","449170","-0.184701785714286","-0.0995330357142857","-0.03000625"
"246","449181","0.0905527631653374","0","NaN"
"247","449786","-0.0572878787878788","0","NaN"
"248","450172","0.200718565093882","0.139397073985811","0.213457920656635"
"249","450203","0.0929782608695653","0.0279705314009663","0.390540096618358"
"250","450212","-0.10680389025389","-0.0984973101673103","-0.191572207792208"
"251","450275","-0.200607493031645","-0.171063154913622","-0.249171451355662"
"252","450282","-0.00220261603375516","-0.0133999077004219","-1.42311895833333"
"253","450306","0.344991282995703","0.128317949662369","0.523071111111111"
"254","450308","0.0898003475440222","0.0701942771084337","0.0764323911028731"
"255","450314","0.138448197471079","0","NaN"
"256","450317","0.0532880707762557","0","NaN"
"257","450351","0.218270765521398","0.119034190040142","0.184772948328268"
"258","450641","0","0","NaN"
"259","450665","-0.00606218579234974","0.025559718969555","0.242195238095238"
"260","450729","0.0556772794772795","0.0489623180873181","0.119527324324324"
"261","451085","-0.189514339364971","-0.0828622244224422","-0.24441167816092"
"262","451089","-0.0588176957571577","-0.00393786207732394","NaN"
"263","451109","-0.535783333333333","0.00455642857142857","NaN"
"264","451532","0.00117094155844155","0.026075968013468","0.025676455026455"
"265","451584","0.00721222608695649","0.00721222608695649","-0.576824637681159"
"266","451594","0.135100855952247","-0.00159510022080178","NaN"
"267","451596","0.161403294975067","0.103615206166186","0.364008880888089"
"268","451661","-0.00952069821017187","-0.00431116661975794","-0.217258986928105"
"269","451713","-0.00439651515151529","0","NaN"
"270","451775","-0.00467090555887628","0.00466783070485999","-0.166159478021978"
"271","451788","-0.018611569416499","-0.0482455462504758","0.0211803088803089"
"272","452027","-1.00151818181818","-0.257951515151515","-0.360633333333333"
"273","452035","-0.177838253968254","0","NaN"
"274","452095","-0.0852153152434156","-0.00297088947310753","NaN"
"275","452104","0.09962225169197","-0.0069786151347262","NaN"
"276","452220","0.0176268456124589","-0.00427759657515869","NaN"
"277","452234","-0.032484181818182","0","NaN"
"278","452239","0.090781530232911","0","NaN"
"279","452252","-0.115126280839399","0","NaN"
"280","452254","0.0660455882352942","0.00393835047305635","NaN"
"281","452655","0.141376612021858","-0.00343707558859974","NaN"
"282","452657","0.228766498316498","0.0420161411736413","0.284621517857143"
"283","452666","0.0165570325900515","0.119087662337662","-0.581052389120314"
"284","452672","-0.0115710215361158","0","NaN"
"285","452678","0.154892003016283","0.000954096707757701","NaN"
"286","452718","0.0132165925925926","0.0520888148148148","0.24362037037037"
"287","452733","-0.0348722222222223","-0.127081630824373","-0.172532325268817"
"288","453056","0.147265069715561","-0.00581621348683381","NaN"
"289","453064","0.0482053036556603","-0.000458778043299968","NaN"
"290","453156","0.00772868480725619","0.0122021990191425","-0.225248708010336"
"291","453172","-0.0821363317100581","-0.013101273230526","-0.141551783625731"
"292","453178","0.0943158709106985","0.03660731235214","0.0660247747747749"
"293","453192","0.201706253443526","0.182098116188624","-1.51686147058824"
"294","453203","-0.0200790043290043","-0.0134527757216876","-0.882781347150259"
"295","453211","0.100270092497431","0","NaN"
"296","453214","0.212989959677419","0.0641099596774194","0.035695"
"297","453222","-0.0582413043478261","-0.019549840933192","-0.104375203252033"
"298","453249","-0.240802381993007","-0.100693006993007","-0.19379375"
"299","453264","-0.251034166666667","-0.213370833333333","-0.471136666666667"
"300","453265","0.145001925813912","0.136093476238796","-0.167078579445246"
"301","453269","-0.0396245983499782","0","NaN"
"302","453286","0.162443153426319","0.030621061288493","0.142650367755222"
"303","453307","-0.0575774193548387","0.00999400921658983","-0.0607952380952381"
"304","453311","0.19097797752809","0.159731439066551","0.170466794871795"
"305","453329","0.0525499646142958","0.0173794449010342","0.287701702508961"
"306","453343","0.105245457368468","0.0962337586505189","-1.50923862179487"
"307","453344","0.313504558823529","0.0278194425444598","0.27349488372093"
"308","453385","-0.271502377717391","-0.0681270153985508","0.318640579710145"
"309","453400","0.056369950668817","0","NaN"
"310","453539","0.0623978056426333","-0.00291288618126617","NaN"
"311","453562","0.0970371620971621","0.00797121693121683","-0.0645810966810968"
"312","453568","0.0774064471840321","-0.000872963072378163","NaN"
"313","453646","0.107303938223938","0.0731152916073968","-0.465948646616541"
"314","453895","-0.0586656265356266","-0.0498602736098853","-0.79667572815534"
"315","453923","0.0193844717444718","0","NaN"
"316","453943","0.181936739839248","-0.00322733564321243","NaN"
"317","454560","-0.0935264420157864","0","NaN"
"318","455009","0.146059221117424","0.15336455806903","-0.113055269109001"
"319","455104","0.0374231746031746","0","NaN"
"320","455117","0.194189432565789","0","NaN"
"321","455119","-0.0722679982817869","-0.0799135442587984","-0.125516379310345"
"322","455139","0.0559027225755168","0","NaN"
"323","455374","-0.128182522318622","-0.0318142607556235","-0.114940829346093"
"324","455755","0.0773382059800662","0","NaN"
"325","455759","0.0270860227272727","-0.00669794278996871","NaN"
"326","455976","0.143566056980057","-0.00279293071377462","NaN"
"327","456027","0.0820327170868347","0.102822598039216","-0.0852720238095238"
"328","456030","0.212556247770473","-0.00260324531708422","NaN"
"329","456034","0.183487240460157","0.0833943415239869","0.35836960106383"
"330","456051","0.156292549019608","0.099635406162465","0.426032857142857"
"331","456068","0.0139325719224596","0.0537552021954124","0.10649570719603"
"332","456071","-0.00923167919799495","0.000189373433583939","-0.0937105263157896"
"333","456078","-0.011382787878788","0","NaN"
"334","456121","-0.0228431941923775","0","-0.941862068965517"
"335","456124","0.0565749999999998","0","NaN"
"336","456379","-0.0686187672747375","-0.0529238215488216","-0.0878617706919946"
"337","456422","0.00558778319028841","0","NaN"
"338","456488","-0.0837395526960784","-0.00900420306736549","NaN"
"339","456496","-0.022131245745405","0.0383610619469026","0.165638461538462"
"340","456501","0.114279670177384","0.0765161527355231","0.0246927325581396"
"341","456665","-0.0199199707413331","0","NaN"
"342","456696","0.0309549475524475","0.0319146697746698","-0.116532777777778"
"343","456701","0.015650909090909","-0.0349115909090909","0.6725875"
"344","456714","-0.0132141490066224","-0.00174054841402338","NaN"
"345","456715","0.176216034400382","1.44000380946085e-05","NaN"
"346","456776","-0.252975980148883","-0.103318903225806","-0.0387044615384615"
"347","456781","-0.00615731868131864","0","NaN"
"348","457117","-0.133932828282828","-0.147792592592593","-0.321123400673401"
"349","457429","0.0482055952380951","0.0369279761904762","-0.298809285714286"
"350","457435","-0.201669642857143","-0.136919642857143","0.150811111111111"
"351","457448","-0.0853812206572769","0.103557112676056","-0.00772833333333334"
"352","457449","0.36165","0","NaN"
"353","457454","0.0476075511126172","-0.00442147089782075","NaN"
"354","457456","0","0","2.0388"
"355","457477","0.027930462962963","-0.00254940653048585","NaN"
"356","457574","-0.262824801061008","0","NaN"
"357","457705","0.266301378793556","0.00442503210133594","NaN"
"358","457706","0.167495720564423","0","NaN"
"359","457708","0.0686863293415799","-0.00162397173817719","NaN"
"360","457711","0.101559819263831","0.0742498271940448","0.116228469468676"
"361","457727","0.120102136489805","-0.00185343837650542","NaN"
"362","457732","0.0330250000000001","0.104142692307692","-0.0868123076923076"
"363","457744","-0.361415150436176","-0.251157964025026","-0.172757447735192"
"364","457754","-0.282426909090909","-0.2448735","0.00416249999999996"
"365","457759","-0.0468585996955859","-0.00182651223054653","NaN"
"366","457760","-0.0946707386363637","0","NaN"
"367","457762","0.709729166666667","0","NaN"
"368","457763","-0.000578150537634325","0","NaN"
"369","457768","-0.0611311587516961","-0.0115135584415584","-0.176468966854042"
"370","457775","0.103171628838451","0","NaN"
"371","457787","-0.00354607843137256","-0.0023657344510285","NaN"
"372","457788","0.107972304943419","0","NaN"
"373","457789","0.146811111111111","0","NaN"
"374","457803","0.0743239592987714","-0.0034174350518239","NaN"
"375","457915","0.788071428571429","0.788071428571429","0.4555"
"376","457918","0.113268581081081","0.0813113695426196","0.521955288461538"
"377","457926","0.298558681318681","0","NaN"
"378","458006","-0.124740476190476","0.00156677018633555","-0.235076086956522"
"379","458015","0.188413744786713","-0.000561358256024991","NaN"
"380","458085","0.056276652101203","-0.0019898830339321","NaN"
"381","458582","0.0195226890756303","0","NaN"
"382","458584","-0.237343520309478","-0.233046913395265","-0.204101877934272"
"383","458668","0","0","NaN"
"384","458675","-0.0207780773574253","-0.000344143621727966","NaN"
"385","458677","-0.0934918365086399","-0.0413710867265997","-0.0635603312990409"
"386","458678","-0.0655402255639098","-0.0200886727688787","0.390827743271221"
"387","458681","0.281625806451613","0.086153164556962","0.102398325847284"
"388","458689","-0.194697324414716","0","NaN"
"389","458690","0.0772285714285715","0.0535785714285715","0.08445"
"390","458708","-0.121904899598394","-0.0981843198882486","-0.060209420289855"
"391","458730","0.0310791071428573","-0.0210450105042015","-0.384404117647059"
"392","458731","0.0888442432432432","-0.00210532716049383","NaN"
"393","458913","-0.0662374020156774","-0.00964835277968423","NaN"
"394","458919","-0.139238748095832","-0.108728555398063","-0.185872565922921"
"395","459429","0.0742907270811379","0.0704948546608752","-0.320044590368981"
"396","459431","-0.130438235294118","-0.0221230837789661","NaN"
"397","459964","0.0911979365079365","-0.00538529290853029","NaN"
"398","459967","-0.215055519897304","-0.0576249530956848","0.0412253036437247"
"399","459987","-0.407863566433566","-0.252758414376321","-0.186005617173524"
"400","460003","-0.407345","0","NaN"
"401","460008","-0.0336398692810458","0.0831823529411765","0.252655555555556"
"402","460024","-0.108176193685021","-0.0877896146466262","-0.155862400553442"
"403","460026","0.163275484803164","0","NaN"
"404","460055","-0.0746795518207284","0","NaN"
"405","460059","0.290509044289044","0.163307945804196","0.326788901515151"
"406","460060","0.0340771084337348","0","NaN"
"407","460075","0.0102356609049313","-0.00302701766649727","NaN"
"408","460077","-0.0935334571037717","0","NaN"
"409","460086","0.0365879727372865","-0.00211332004887466","NaN"
"410","460099","0.0625234085862324","0","NaN"
"411","460131","-0.00751997019374051","-0.014413606557377","NaN"
"412","460156","-0.0258067436612239","-0.00147701724227756","-0.26930253164557"
"413","460269","0.00166135693215341","-0.0145134178426214","NaN"
"414","460283","-0.321313333333333","-0.341575833333334","-0.974719642857143"
"415","460576","0.105257295136576","0","NaN"
"416","460701","-0.404434013605442","-0.359128982158901","-0.127761635220126"
"417","461235","0.0756032118226602","-0.00203851363140672","NaN"
"418","461314","0.175504086256423","0","NaN"
"419","461325","0.0559714604236343","0.0494652744922097","-0.775232272887946"
"420","461416","0.0149365980494123","0.000392150107333067","NaN"
"421","461815","-0.0281114663256607","-0.0137895319560581","-1.08186139896373"
"422","461829","0.231845639778301","0.147629122578461","0.596731869896935"
"423","461833","0.0646529271206691","0.0286566308243728","0.0470555555555556"
"424","461858","0.0641611210526316","-0.00156483205128199","NaN"
"425","461865","0.0442925176803395","-0.00478391089108909","NaN"
"426","461872","-0.0556736065573771","-0.015546106557377","0.0697575"
"427","462089","0.46495","0.46495","1.4537"
"428","462101","0.0479224348159509","-0.00426411468327859","NaN"
"429","462136","0.0140577053962081","-0.0046880629111149","0.0639130552220888"
"430","462382","0.132497698000769","0.121391725778547","-0.254218472222222"
"431","462515","0.00404087301587297","0.075335873015873","0.0258164285714285"
"432","462564","0.0359085458905601","0","NaN"
"433","462945","-0.17201046847889","-0.0185847374847374","0.154452046783626"
"434","462985","-0.19778093516791","-0.120254706554878","-0.118373771386968"
"435","463610","-0.339527777777778","-0.0178413043478262","NaN"
"436","464416","-0.237510104529617","0.00947106430155209","-0.20949025974026"
"437","465041","0.15021860771517","-0.00200202011505501","NaN"
"438","465629","-0.119140178571429","-0.0769084325396825","-0.319566213151927"
"439","465657","0.115002222222222","0.113452368421052","-0.965094298245614"
"440","465674","-0.135388754385965","0","NaN"
"441","465679","0.00108923611111111","0.104708428030303","-0.299380808080808"
"442","465753","0.117276363636364","0","NaN"
"443","465784","0.0246014285714286","0","NaN"
"444","466320","0.191176533736604","0","NaN"
"445","466948","-0.112453584383038","0.0104535091511746","0.0598511613308225"
"446","466988","-0.0585263914946843","0","NaN"
"447","467008","0.00505035218156924","0.00328522893040328","-0.20053091272485"
"448","467055","0.0268004562303964","0","NaN"
"449","467070","0.177398613896689","0","NaN"
"450","467092","0.0381551938522715","0","NaN"
"451","467094","0.0509530092592593","0.0854330397470642","-0.00931371951219517"
"452","467100","0.0754105164992827","0.107662797411648","0.0248169867947179"
"453","467143","-0.0192240792821748","0","NaN"
"454","467785","0.509157476635514","0.452965168943206","-0.549963736263736"
"455","467793","-0.0101422322775264","-0.00144193016272265","NaN"
"456","467798","-0.1524355","0","NaN"
"457","467827","0.0143784893707198","-0.0063775007916681","NaN"
"458","468396","-0.11780367215704","-0.0349081758335104","-0.118265441176471"
"459","468406","-0.11037078245138","0.00390449883449873","NaN"
"460","468504","0.0609149999999999","0.0353360810810811","0.807381081081081"
"461","469134","0.047242470760234","0.00419088345864671","-0.117907142857143"
"462","471083","-0.025424646017699","0","NaN"
"463","471822","-0.0146025853690146","-0.0248329380764165","-0.225458221559861"
"464","471865","0.0650113663366337","-0.00154500831901372","NaN"
"465","471911","0.032547638697845","-0.00965992143961203","-0.0347875601374571"
"466","472528","0.080777025866779","-0.000671847866170472","NaN"
"467","472551","-0.0529220430107528","-0.0827958333333334","-0.396483467741936"
"468","472610","0.26446886845039","0.247518762965158","-0.154369549929677"
"469","473724","-0.161580348837209","0","NaN"
"470","473879","-0.0250637480998914","0.0380168540506463","-0.137462064516129"
"471","474029","-0.0321513782764289","0.0201563428120064","-0.11506574829932"
"472","474233","-0.0576141193595341","0","NaN"
"473","474249","-0.221032142857143","0","NaN"
"474","474284","-0.0674577247191012","-0.0293625324114088","-0.0660235576923077"
"475","474443","0.0297404182463006","0","NaN"
"476","474463","0.0688349869765578","0.065737559785752","0.30403483087371"
"477","474494","-0.129570256410256","0","NaN"
"478","474521","0.252070713918369","0.289260626745268","-1.19926214196762"
"479","474568","0.202039025821596","0","NaN"
"480","474668","-0.458264705882353","-0.181784705882353","0.67408"
"481","474699","-0.0969958333333333","0.108734408602151","-0.158532258064516"
"482","474832","0.0334640131466057","-0.00267551418922696","NaN"
"483","474892","0.116327217905202","0","NaN"
"484","475054","-0.149680696798493","-0.0387769269572236","-0.131037896825397"
"485","475100","-0.0840535573122532","0","NaN"
"486","475115","0.138333526088401","0.0920659229277342","0.167660560832203"
"487","475138","-0.0440474358974359","-0.0214807692307692","-0.0479"
"488","475174","0.0236746222678597","-0.00459143994649969","NaN"
"489","475243","-0.172063958221335","-0.0323503640568785","0.0700777065527066"
"490","475247","-0.0605708837209302","0","NaN"
"491","475253","-0.35499273064012","0.00905270961145188","NaN"
"492","475416","0.0583314009661836","0.17805558397272","0.0568852941176471"
"493","475479","0.0432105878395425","0.0416837303821952","0.0858253164556961"
"494","475582","0.0976423239917976","-0.000334644209956769","NaN"
"495","475857","-0.0675149572649573","0.0121192307692307","0.377723076923077"
"496","476192","-0.345625","0","NaN"
"497","476270","0.0356449673202615","0","NaN"
"498","476451","0.130531441139506","0.101316160400344","-0.0920602542841349"
"499","476454","0.183202971344839","0.172529749093461","-0.559621870900026"
"500","476570","-0.0392909090909092","-0.0575575757575758","0.0141033333333334"
"501","476589","-0.0717206029931499","0.0396790427792204","0.211606622516556"
"502","476595","0.3301625","0.135095833333333","-0.358366666666667"
"503","476633","0.0656067226890756","0","NaN"
"504","476704","0.0618089945280438","0","NaN"
"505","476883","0.0147459786555175","-0.00227585754199344","NaN"
"506","477003","0.195200037045269","0.115439430984663","0.124121212121212"
"507","477132","0.0582212404754648","0.0344995131178552","0.31033772005772"
"508","477165","-0.0140443487149533","0","NaN"
"509","477195","-0.0570640860094319","-0.0246447410111587","-1.00278613445378"
"510","477229","0.124505081300813","0.124505081300813","-0.67395"
"511","477569","-0.236770555555555","-0.15952202247191","-0.131808411360799"
"512","485567","0.0728471130447607","-0.00461151556902728","NaN"
"513","488671","0.0258042274267197","0","NaN"
"514","488674","-0.0864266160881314","0.0011232386685861","-0.194678086419753"
"515","488681","0.120354267322984","0","NaN"
"516","488689","-0.052014349376114","0","NaN"
"517","488703","0.5413","0","NaN"
"518","488721","0.0244084685990338","0","NaN"
"519","488726","0.187514850450982","-0.00170851829140206","NaN"
"520","488768","0.122346154429324","0.0545798390456974","0.134398200745405"
"521","488771","0.106206925641026","-0.00259922923351164","NaN"
"522","488786","-0.308677272727273","-0.308677272727273","-0.128275"
"523","488810","0.0588572245635161","0","NaN"
"524","488818","-0.0602989898989899","0","NaN"
"525","488846","-0.3271","-0.101291746411483","0.0925118899521531"
"526","488852","0.22159979757085","0","NaN"
"527","488862","0.133796913488648","-0.0048522647572804","NaN"
"528","488912","0.179704871794872","0","NaN"
"529","488984","0.0186318548387097","0.0337818548387095","-0.370727586206897"
"530","489002","0.0116559523809524","-0.00229821428571429","0.0386791666666667"
"531","489039","-0.358515987460815","-0.300565229885057","-0.326367424242424"
"532","489067","-0.215166153846154","0","NaN"
"533","489119","0.253754912333736","0.0971416841783966","0.42737114684466"
"534","489138","-0.0729012608695652","-0.00891214141414143","-0.907314141414141"
"535","489149","0.178763104611923","0","NaN"
"536","489232","0.0228080712391057","0","NaN"
"537","489265","-0.0816001129305477","-0.00998906662443244","-0.349112142099682"
"538","489267","0.0563088387635756","-0.0419517961570594","-0.799398412698413"
"539","489294","-0.0234284330011074","0.00508518604651154","-0.00398399999999999"
"540","489295","-0.25221","-0.209909090909091","-0.807919090909091"
"541","489305","0.0851478796169631","0","NaN"
"542","489334","0.0161117647058826","0.0161117647058826","-0.16932"
"543","489365","0.173227777777778","0","NaN"
"544","489446","-0.29926847826087","-0.300505016722408","-0.160536538461538"
"545","490063","0.152317782358685","0.0935458977433005","-0.186102653846154"
"546","491159","-0.29690342964529","-0.211459101216244","0.0166466540104415"
"547","491646","0.0507504040895812","0.0880830264672036","-0.160362762237762"
"548","491676","0.117933333333333","0","NaN"
"549","491696","-0.0612079326230924","-0.0678664740970362","-1.03487375886525"
"550","491703","0.0774918345181674","0.142375496798869","-0.842695504385965"
"551","491708","-0.0278201633464412","-0.0177158254468979","-0.164475114155251"
"552","492841","0.0732766666666667","0","NaN"
"553","493114","0.166046211617337","0","NaN"
"554","493117","-0.24105","-0.1751","-0.0452"
"555","493128","0.108746380090498","0","NaN"
"556","493157","-0.141135016190757","-0.142653250863061","-1.59549730443975"
"557","493159","0.119261111111111","0.0485883333333333","0.280027222222222"
"558","493247","-0.406509523809524","-0.406509523809524","-0.580066666666667"
"559","493316","0.0231886094842244","-0.0014153724650291","NaN"
"560","493343","0.026735775862069","0","NaN"
"561","493351","0.153422262850418","-0.0106471540072339","-1.11719019607843"
"562","493472","0.184803079263875","-0.0052530547004499","NaN"
"563","493596","0.0691741677096369","0","NaN"
"564","493603","-0.169259411764706","-0.195220320855615","-0.747600909090909"
"565","499624","-0.066855512605042","-0.00051841401349273","NaN"
"566","499864","-0.0452828054298642","0","NaN"
"567","500207","0.150485714285714","0","NaN"
"568","500208","0.0529357767733044","0.00151814608428102","NaN"
"569","500610","0.160698666666667","-0.178421333333333","-0.58863"
"570","500721","-0.32569560371517","-0.152531368421053","-0.149229882352941"
"571","500724","-0.0486685849056605","0.0459564150943397","-0.22195"
"572","500743","0.0805605377079062","0","NaN"
"573","500779","0.09692375","0.0817327027027027","0.294190202702703"
"574","500871","0.115429090275101","-0.00435598245317692","NaN"
"575","500891","-0.0142894736842105","-0.0180644736842105","0.009325"
"576","501245","0.3067","0","NaN"
"577","501255","-0.016209185520362","-0.00265200357781759","NaN"
"578","501303","0.0412045385318306","0","NaN"
"579","501381","0.0256758593923265","0.0348041324328089","0.0841690137812231"
"580","501563","0.0408015473887814","0.06480294599018","0.0831104895104895"
"581","501571","0.178268310629067","0","NaN"
"582","501593","-0.157916590563166","-0.0952325396825398","-0.133759784735812"
"583","501625","-0.257293322841727","-0.169230958711292","0.0203967391304348"
"584","501627","0.248433333333333","0.248433333333333","-0.8404"
"585","501647","0.0341104651162791","0","NaN"
"586","501659","0.044553738592876","-0.00717400072674423","NaN"
"587","501789","-0.20387150802139","-0.126223045454545","-0.369579478609626"
"588","501800","-0.0739548273431996","0","NaN"
"589","501822","-0.0187802597402598","-0.13075525974026","-0.347340306122449"
"590","501870","-0.321658333333333","0.00799523809523817","-0.171021428571429"
"591","501896","0.0157791913267573","-0.00414936042452174","NaN"
"592","501925","0.183691917153479","0.183397940319502","-0.262069691119691"
"593","501955","-0.116775787401575","-0.116775787401575","-0.371938888888889"
"594","501957","0.215722057541412","0.0858134553908747","0.321581720430107"
"595","501981","-0.0131136937818861","0","NaN"
"596","501983","-0.101085373343863","-0.00375280629405417","NaN"
"597","501992","0.119882447665056","0.075901763183106","0.650352648851383"
"598","502004","-0.0598405125195618","-0.0457851052919458","-0.263601537216828"
"599","502009","0.20421726869455","0.0552243199766013","0.209232051282051"
"600","502010","-0.403290294117647","-0.16997243697479","-0.21284880952381"
"601","502023","0","0","NaN"
"602","502026","0.0757947580645162","0.0870084854546971","-0.127058494832041"
"603","502032","-0.11224809748646","0.00236095514511869","-0.224977789473684"
"604","502034","0","0","NaN"
"605","502042","0.153249803015895","0.0407573397806005","0.224316360294118"
"606","502043","0.153519932844933","0.14049300976801","0.321979326923077"
"607","502046","0.0438269565217391","0.0972550787924814","0.0958281222707423"
"608","502051","-0.0848203309692671","-0.174192553191489","-0.291527777777778"
"609","502054","0.247355651162791","0","NaN"
"610","502082","-0.00912098729943034","-0.00033196214219755","NaN"
"611","502083","0.064997201523431","0.0996992863416778","0.177990609408411"
"612","502085","0.0881340148448042","0.0791698108647048","-1.64746753731343"
"613","502087","-0.523924242424243","-0.301033766233766","-0.194009523809524"
"614","502100","0.268480769230769","0","NaN"
"615","502110","-0.00724313199061777","0","NaN"
"616","502117","0.0523343773680223","0","NaN"
"617","502126","-0.0691214442872858","-0.00442615880991082","NaN"
"618","502143","0.0384464453607165","-0.00934713094061346","NaN"
"619","502154","0.0759737351190477","0.0188861904761906","-1.52703598214286"
"620","502162","0.215347272727273","0.215347272727273","-0.54492"
"621","502166","0.427573913043478","0.232093913043478","0.68402"
"622","502182","-0.0705614851485148","0","NaN"
"623","502188","0.126829432819383","0.0686147006765261","0.175116517857143"
"624","502190","0.0991902677580465","0.0545178863891421","0.274364089219331"
"625","502202","0.142769371980676","0.135582435312025","-1.49237534246575"
"626","502205","0.218722474747475","0","NaN"
"627","502210","0.0587894468065171","-0.00186289984012489","NaN"
"628","502211","0.100832885714286","0.116576769934641","0.306786741363212"
"629","502213","-0.225896825396825","0","NaN"
"630","502226","0.241685978835979","0","NaN"
"631","502239","0.0816915304902351","0.0183142227979275","-0.257008076923077"
"632","502260","-0.306516859946476","-0.295764491525424","-0.334589736842105"
"633","502261","0.0685995020266357","-0.00872841586192741","NaN"
"634","502264","-0.0556896810506566","-0.0694112195121951","-0.480906153846154"
"635","502272","-0.0413854460685483","-0.038855760482595","-0.0517832176398529"
"636","502281","-0.2031","-0.2031","-0.56665"
"637","502285","0.1051","0","NaN"
"638","502304","-0.0828092523364485","-0.0194921935129191","0.0787437254901961"
"639","502317","0.480700277777778","0","NaN"
"640","502327","0.0947747448579055","0.0829512029057203","0.195418882290239"
"641","502374","0.0425131404670616","0","NaN"
"642","502381","0.197025151635021","0.187926524741082","-1.29569862689394"
"643","502409","-0.07093","0","NaN"
"644","502462","-0.181795627980922","-0.0764376447876448","-0.114589075630252"
"645","502481","-0.0402612612612613","0","NaN"
"646","502517","0.0311851243923362","-0.00186458052100003","NaN"
"647","502522","-0.219523102828918","-0.0173728413910094","0.0204326143790849"
"648","502523","-0.111048214285714","0","NaN"
"649","502570","-0.0394549999999999","0","NaN"
"650","502578","-0.136753223140496","-0.1306251279024","-0.472016904761905"
"651","502582","-0.030597511917219","0","NaN"
"652","502593","0.0134753079178884","0.0206619377990431","-0.257116595925297"
"653","502624","0.203826430629889","0.0745299037622611","0.435612996941896"
"654","502671","0.17858082920565","0","NaN"
"655","502676","-0.6845125","0","NaN"
"656","502706","0.271196326530612","0.138741900301104","0.401165573770492"
"657","502748","0.0923","0.14705","0.00644999999999996"
"658","503285","0.0808190707757208","0.0938070119521914","-0.370676764705882"
"659","503449","0.00444915851272021","0.0681056685798344","0.202506510067114"
"660","503556","0.113955124223603","0","NaN"
"661","504083","-0.00992874999999999","-0.0234720833333333","0.0639866666666666"
"662","504186","0.0139157894736842","0.124129440789474","-0.189370559210526"
"663","504379","-0.0210605667662271","0.0638785714285715","0.102554232534421"
"664","506560","0.0654312325938731","-0.0054375563384752","-1.02398502824859"
"665","506693","0.170687962962963","0.19827462962963","0.259311666666667"
"666","506702","0.0264239926739926","0","NaN"
"667","506747","0.131441666666667","0","NaN"
"668","506997","-0.190441666666667","0","NaN"
"669","514669","-0.614148214285714","-0.513201547619048","-0.166414871794872"
"670","514888","0.278866129338498","-0.00310444041432989","NaN"
"671","514913","0.137115657407407","-0.00267539661654137","NaN"
"672","514917","-0.0778626252252252","0","NaN"
"673","514981","-0.136987777777778","-0.0124741414141414","-0.0384613636363636"
"674","515052","-0.0800793781975599","0.0677257805325988","0.0543480158730159"
"675","516414","0.20739126984127","0.176510714285714","0.429269444444444"
"676","516416","0.121566968303778","0","NaN"
"677","516589","-0.293953968253968","0.0128174603174603","-0.1154"
"678","516714","0.0625938596491227","0.0647819548872179","-0.131061904761905"
"679","516769","0.260169312169312","0.169765740740741","-0.240489285714286"
"680","516770","0.114417434554974","-0.00191308992055061","NaN"
"681","516782","0.105563613132363","0","NaN"
"682","516809","-0.102241437177281","0","NaN"
"683","516811","0.0490447881066303","0","NaN"
"684","516910","-0.0293960729080364","0.0692780887192312","0.135709455744915"
"685","516935","0.0327396739130434","0.0192334239130435","-0.17266875"
"686","516949","-0.204319271814187","0","NaN"
"687","516969","0.157520363849765","0.143141197183098","-0.203215277777778"
"688","516970","-0.357982889344262","-0.139710613703237","-0.192577724358974"
"689","517008","-0.215421707130079","0.00895990501024402","0.135214170279858"
"690","517059","0.00724666666666667","0.00414666666666667","-0.0058"
"691","517369","0.153475974025974","0","NaN"
"692","517370","0.0351512881654658","-0.00481667952604026","NaN"
"693","517414","0.0494006565553746","0.109238576582256","-0.210860517473118"
"694","517593","0.0963099115826702","0.0512115277442864","0.472174949494949"
"695","518170","0.398975","0","NaN"
"696","518397","0.028296","0.0757626666666667","-0.0964833333333333"
"697","518418","-0.367979166666667","-0.137819166666667","-0.53784"
"698","518420","-0.375964754098361","0.201932304725169","-0.221052941176471"
"699","518452","0.182654011299435","0.105122355670296","0.0745583443708608"
"700","518468","-0.102931111111111","0.00333235294117651","-0.121920980392157"
"701","518516","0.0405764211886306","0.0431762577899377","0.0768067810457517"
"702","518526","-0.832835294117647","-0.538835294117647","-0.597925"
"703","518542","-0.14187729468599","0","NaN"
"704","518553","0.190719299714027","0.224664488762267","-0.385187014341591"
"705","518567","0.0418631812198332","0.00861883628266724","-0.242511786797631"
"706","518568","-0.0137447134786118","0","NaN"
"707","518577","-0.260887314734089","0","NaN"
"708","518595","0.0209396500642853","0.00625235359210086","NaN"
"709","518603","-0.119057789149534","-0.0103627071823205","-0.0437213114754098"
"710","518614","-0.0529134889485643","0","NaN"
"711","518617","-0.172130371671056","-0.107244357298475","0.044569596462134"
"712","518618","0.113403552479815","0.00138643285147633","NaN"
"713","518626","0.0582925277066586","-0.00123949617543706","NaN"
"714","518633","0.140448717948718","0.131949262166405","0.328130544217687"
"715","518653","0.0169148936170211","-0.0365392405063292","-1.19153924050633"
"716","518692","0.164775955962386","0","NaN"
"717","518693","-0.167685282651072","-0.0997184476342372","-0.151512794612795"
"718","518700","-0.0642518518518519","0","NaN"
"719","518703","-0.155314393939394","-0.109516666666667","-0.0290598484848485"
"720","518715","-0.133738461538462","-0.0104884615384615","0.42515"
"721","518716","0.127502720207254","0.00249044747998117","0.478250227272727"
"722","518735","-0.00879493451939717","0","NaN"
"723","518748","-0.02612753853488","-0.00454244085200872","-0.225329418446161"
"724","518755","0.0199311111111111","0","NaN"
"725","518764","0.3769","0.302375","0.111875"
"726","518771","0.21522104259377","0.183383033543996","0.109311990950226"
"727","518774","0.0871029556650247","0.0261448542138197","0.245593622686726"
"728","518790","0.100084087896196","0.0524964928266967","0.577157566220823"
"729","518792","0.0295574048824827","0","NaN"
"730","518813","0.403159034974093","0.387418346198583","-1.52809693877551"
"731","518833","0.0528233333333333","0.0528233333333333","-0.0787600000000001"
"732","518858","-0.128797222222222","-0.108265404040404","-0.261841866028708"
"733","518863","0.0829256097560976","0.00256310975609764","-0.1855875"
"734","518875","-0.12883863300037","-0.051883149509804","-0.0772709316037736"
"735","518886","-0.0241116621705748","-0.0137790545886076","-1.74535099897541"
"736","518902","0.212214968814969","0","NaN"
"737","518911","-0.148745614035088","0","NaN"
"738","518927","-0.194539335558253","-0.175794423699278","-0.0792957131410257"
"739","518934","0.0620797050243111","-0.00104520406659792","NaN"
"740","518953","0.0149347711267606","0","NaN"
"741","518960","0.0226436893203884","-0.00390537295761306","NaN"
"742","519008","0.032305","-0.0121202830188679","0.0163080503144655"
"743","519023","0.0886305200341007","0","NaN"
"744","519025","0.045125537621759","-0.0037496324141375","NaN"
"745","519043","0.146876523297491","0.145399160113411","0.26894763681592"
"746","519048","-0.188162428977273","0","NaN"
"747","519058","0.0769636896621303","-0.00159746237020753","NaN"
"748","519068","-0.0935318181818183","0","NaN"
"749","519071","-0.123398888888889","-0.0309870114942529","NaN"
"750","519076","0.0800498258706467","0.0577188422640894","0.215975683060109"
"751","519082","0.107144696969697","0","NaN"
"752","519083","0.0572357384806975","0","NaN"
"753","519085","0.0354577485380116","0.115306081871345","0.107260833333333"
"754","519096","-0.144884560855461","-0.0784642089962045","-0.148599160335866"
"755","519107","0.0328875","0","NaN"
"756","519141","-0.330882254529905","-0.00749980169971676","0.0948484905660376"
"757","519144","0.173582475538161","0.0957217217891471","-0.0409178966061563"
"758","519151","-0.229947836912543","-0.0845592329239387","0.241570085470085"
"759","519166","-0.209725095785441","-0.18371778584392","0.296635087719298"
"760","519168","0.1368","0.0641611111111111","0.196911111111111"
"761","519169","-0.345827848101266","-0.262997078870497","-0.201324230769231"
"762","519184","0.119777517296828","0","NaN"
"763","519186","-0.638806093189964","-0.415781697054698","-0.511520048309179"
"764","519203","0.129938010057471","0","NaN"
"765","519208","-0.120586743602842","-0.0112865345747055","-1.02753667621777"
"766","519222","-0.0128000000000001","0","NaN"
"767","519229","-0.154535714285714","-0.0397857142857143","-0.12975"
"768","519237","0.00473024328859051","0","NaN"
"769","519240","-0.19236804670913","-0.164010029831492","-0.0262155942334739"
"770","519242","0.14517829363883","0.0322845732087227","0.159515956989247"
"771","519263","-0.295317872340426","-0.0782378723404255","-0.259"
"772","519267","-0.231223132454488","-0.152826836158192","-0.0456703703703705"
"773","519293","-0.0642242466854159","-0.0535126919364746","-0.114214761040532"
"774","519295","-0.0869801257253385","-0.0046723717146433","NaN"
"775","519299","-0.003806920567751","-0.00703801539342275","NaN"
"776","519301","-0.119412397660819","-0.0728961278195489","-0.0080837301587301"
"777","519306","0.107779459691252","0","NaN"
"778","519317","0.158719077649078","0","NaN"
"779","519322","0.254749460732189","0.254749460732189","-1.08379482758621"
"780","519326","-0.208039706439394","-0.115739836309524","-0.229914675324675"
"781","519333","0.191855579268293","0","NaN"
"782","519345","-0.224243377275581","0","NaN"
"783","519381","-0.155714576599871","-0.154245953118089","-0.474104453441295"
"784","519390","-0.00300970965309189","-0.00494091880341863","NaN"
"785","519411","0.0463090909090909","0.00570909090909091","-0.1982"
"786","519425","0.427897142857143","0","NaN"
"787","519455","0.150651210428305","0.0322372201606655","0.1774799491263"
"788","520471","0.132550938189846","-0.00306318283166096","NaN"
"789","520980","-0.144930629877369","-0.0540463768115942","-0.231904208472687"
"790","521230","-0.14658450272933","-0.0460246650011357","-0.0489677484787019"
"791","521692","0.0766102615248226","-0.00277116005535061","NaN"
"792","523253","0.153055920095538","-0.00179809093111505","NaN"
"793","523260","0.10664804778157","0.0740909739560667","0.315010926174497"
"794","523848","-0.0250355263157894","0.150003759398496","-0.241285714285714"
"795","523989","0.0872169483601841","0.0696049355274845","0.4692473621673"
"796","524968","-0.214130160183066","0","NaN"
"797","527038","0.0315331806027319","-0.00214642778563578","NaN"
"798","527043","-0.238113103448276","0","NaN"
"799","527048","0.0495497244595167","0.136812581602374","0.430391428571429"
"800","527054","0.17804107220933","0.0311663867263409","0.668758647850345"
"801","527055","0.274767680454177","0.266456569343066","-0.892583333333333"
"802","532077","0.0432439208397113","0.082832744369123","-1.00977441176471"
"803","533167","0.123851943661972","0.0242395899204751","0.246667646258503"
"804","534606","0.131892307692308","0","NaN"
"805","534627","-0.039024064171123","0","NaN"
"806","534812","-0.0035683127572016","-0.0122823972642438","-0.128614084507042"
"807","534910","0.148543908227848","0.0808963120740019","0.190083653846154"
"808","537953","-0.0599329109811566","0","NaN"
"809","538506","-0.202593333333333","-0.0379433333333333","-0.41305"
"810","541608","-0.0193644562334216","0","NaN"
"811","541640","0.0905791796840132","0.0533977395217414","0.248062677484787"
"812","541645","0.0155166886213944","-0.00178227852757273","NaN"
"813","541650","0.0514856200380186","-0.000167140904742347","NaN"
"814","541652","0.384918988095238","0.385668311403509","-0.504222105263158"
"815","542194","0.091274753908512","0","NaN"
"816","542208","-0.000290257805415139","-0.00290380985534155","NaN"
"817","542255","0.147881970127043","0","NaN"
"818","542266","0.0312069105691057","0.0675902439024391","-0.101325757575758"
"819","542303","0.047759816977281","-0.00190700782616549","NaN"
"820","542340","0.116249284180387","0.00559538807649052","NaN"
"821","542432","0.00813455882352943","0.0186137254901961","0.143504166666667"
"822","542436","0.0558882763975155","0","NaN"
"823","542454","0.0871427214760548","0","NaN"
"824","542455","-0.0938774898785424","0","NaN"
"825","542513","-0.160703827751196","0","NaN"
"826","542583","-0.0130442857142857","0","NaN"
"827","542587","-0.219103716216216","-0.134996608373079","-0.0336103921568628"
"828","542609","-0.033185406162465","-0.0366214667685256","-0.268516060606061"
"829","542669","-0.0847306896551725","-0.021353042596349","-0.255689019607843"
"830","542674","0.102297368845843","0.116851965119135","-0.0593396894409938"
"831","542866","-0.13491138996139","-0.0899102501437608","-0.168595288753799"
"832","542882","0.0444004539007091","-0.00138687943262417","-0.00990733333333338"
"833","542883","0","0","NaN"
"834","542888","0.0668308333333333","0.0425933333333333","-0.00901250000000001"
"835","542908","0","0","NaN"
"836","542914","-0.199758720538721","-0.043931364789447","0.0111334163553342"
"837","542921","0.120261358272362","-0.004659990708197","NaN"
"838","542923","0.24148125","0.106476121794872","0.437361538461538"
"839","542924","-0.29286","-0.149823333333333","0.420276666666667"
"840","542942","-0.404956623376624","0","NaN"
"841","542960","-0.0197431576838309","0.0523006963059824","0.000426112054329408"
"842","542963","-0.250722222222222","-0.031774126984127","NaN"
"843","542979","0","0","NaN"
"844","542993","0.22141744974287","-0.00195268812961946","NaN"
"845","542994","0.0116338683385582","0","NaN"
"846","543037","0.239792069632495","0.071060363882415","0.574105510159011"
"847","543038","-0.131606666666667","0","NaN"
"848","543045","0.256999735973597","0.167711348876823","0.574644946236559"
"849","543054","0.213374679487179","0.093469123931624","0.12980873015873"
"850","543056","-0.260386203522505","-0.0963132221560453","0.0556872670807453"
"851","543063","0.0848245608969127","-0.00183578523177874","NaN"
"852","543068","-0.0329378278979087","-0.00237696258163278","NaN"
"853","543094","0.0489973042362002","-0.107222610415293","-1.11245675675676"
"854","543101","0.196559518992174","0.098266894071238","0.402442858950032"
"855","543105","0","0","NaN"
"856","543118","0.194860130010834","0.0568691797845898","-0.178729411764706"
"857","543135","0.169022814814815","0.152139864623244","0.879405938697318"
"858","543144","-0.116087924045231","-0.0397774225917431","-0.180470893895349"
"859","543184","-0.172709926470588","-0.0615126817106153","-0.0237704022988505"
"860","543213","0.1925481","0.0069595919354839","NaN"
"861","543216","0.176745628458498","0","NaN"
"862","543219","0.0437977656903765","0.0403325156903765","-0.10752725"
"863","543228","0.0331864603217891","-0.0026324870466321","NaN"
"864","543238","0.0443420779409627","0","NaN"
"865","543242","-0.0882119262706452","-0.0388514619601809","-0.153908766458766"
"866","543243","0.168670045527063","0.0326232050498206","0.0168370304904993"
"867","543257","-0.0466632075471699","0","NaN"
"868","543258","0.0688542857142857","0.0266698412698413","-0.363504444444444"
"869","543261","-0.0480521367521368","-0.0584410256410257","-0.0917444444444445"
"870","543272","0.119528580171359","0.103428294573643","-0.0263213382292942"
"871","543278","-0.207237932900433","-0.0894177073365232","0.00625022556390964"
"872","543281","0.0749834283825109","-0.00355748033100967","NaN"
"873","543294","0.179978894472362","0.0787880214564887","0.360865376984127"
"874","543302","0.103799534233815","0","NaN"
"875","543305","0.0738218830749354","-0.00219317521522","NaN"
"876","543308","-0.0400171568627451","0","NaN"
"877","543321","-0.464366666666667","0","NaN"
"878","543331","0.108025516097673","0.0857503426690411","-0.141745322682363"
"879","543333","-0.00739683348779741","-0.00285264532450036","NaN"
"880","543334","-0.0277083333333333","0.115391666666667","-0.368775"
"881","543339","-0.0691354475174215","0.00811361498257845","-0.00271968749999996"
"882","543351","-0.0822716666666667","-0.0822716666666667","0.0384166666666667"
"883","543359","-0.0966507476708682","-0.0715511046316025","-0.205524885262621"
"884","543376","0.133823131054131","0","NaN"
"885","543380","0.14306745738886","0.13542739465718","0.136745651554035"
"886","543391","-0.0723491525423728","0.0903041807909605","-0.304713333333333"
"887","543401","0.125443016741146","0","NaN"
"888","543408","0.147583738290398","0.104419285165398","0.242485546875"
"889","543409","0.0135280701754386","0.0135280701754386","-0.1318"
"890","543424","0.167288728813559","0.173485493519442","0.405856764705882"
"891","543432","0.0957103504043127","-0.00938393530997295","NaN"
"892","543434","0.0785817431067433","-0.00374976670255855","NaN"
"893","543456","0.0714233802040254","0.0350577693442968","-0.0921502262443439"
"894","543459","0","0","NaN"
"895","543475","0.294129614926558","0.126716238303181","0.171885714285714"
"896","543484","0.206729365079365","-0.00858542471042467","NaN"
"897","543506","-0.0519111999256439","-0.0157120313935044","-0.135506491845219"
"898","543507","0.0109811274509803","0.103662853172765","-0.00872244094488184"
"899","543508","-0.0328922169811321","-0.00904360587002095","-0.214588888888889"
"900","543510","0.0395091563127108","0.0032993127399219","NaN"
"901","543518","-0.0262504761904762","0.0149453571428571","0.0277291666666667"
"902","543521","0.139200925925926","0.0900944444444444","0.266499768518519"
"903","543542","-0.0120333333333333","-0.0053","0.192683333333333"
"904","543543","0.0333415826801046","0","NaN"
"905","543548","0.118306787260359","0.0425614974052861","0.230054710144928"
"906","543557","0.00511352040816326","0.0897030822638334","0.21362706185567"
"907","543569","-0.380371428571429","0","NaN"
"908","543590","0.228094202898551","0","NaN"
"909","543594","0.163808651399491","0.120219404087663","-0.0177559139784946"
"910","543606","0.192916112479475","0.0611949571320897","0.491814558938329"
"911","543607","-0.0838067708333334","0.1494578125","0.29278125"
"912","543633","-0.183598245614035","0","NaN"
"913","543685","0.114452252824859","-0.00267420255757744","NaN"
"914","543698","0.696357894736842","0.0688978947368419","0.53694"
"915","543699","-0.150638331643002","0.0265658350236647","0.0243191666666667"
"916","543706","-0.0218717450271247","0","NaN"
"917","543716","-0.073982033898305","0.0380264509501798","0.0969634848484848"
"918","543726","-0.354586687080782","-0.0804792296233242","-0.379944394394394"
"919","543734","0.0451519040166927","0.0443754730402617","0.176485606060606"
"920","543742","0.0233128473357307","-0.00653586807928908","NaN"
"921","543746","0.282043525179856","0.266522472548277","-0.19992462406015"
"922","543760","0.0660517197108643","-0.00372601681219265","NaN"
"923","543766","-0.0562251053334704","-0.0695393172982441","-0.417697995748558"
"924","543768","-0.0627467286101431","-0.0041496764559481","NaN"
"925","543776","-0.102540127722859","0","NaN"
"926","543779","-0.0291447192353644","0.0109506314344543","-0.10393304439191"
"927","543803","-0.110996153846154","-0.0843604395604396","0.0423190476190476"
"928","543807","0.132852756941703","-0.00220958808599436","NaN"
"929","543829","0.174081951894423","-0.00146433921041089","NaN"
"930","543859","-0.313955434343434","-0.187516767676768","-0.415845333333333"
"931","543881","0.0314314281215557","0.0265794815142142","-0.40576573971079"
"932","543883","-0.0412599591836735","-0.0607479591836735","-0.292652"
"933","543900","-0.0556717777777778","-0.046033837398374","-0.165128726287263"
"934","543901","0.15772268907563","-0.13583981092437","0.7051975"
"935","543903","0.205656748695004","-0.0914543624161074","0.166666666666667"
"936","543921","-0.419828571428571","-0.00863766233766228","0.212140909090909"
"937","543935","-0.126703211126779","-0.039156325698525","-0.168032424916574"
"938","543939","0.130912426229508","-0.00116468561259686","NaN"
"939","543942","-0.127876612903226","-0.0043405017921147","0.366486111111111"
"940","543964","-0.268534256410256","-0.130480060606061","-0.394361188811189"
"941","544365","-0.0386079865016873","-0.0252369440306448","0.591656756756757"
"942","544369","0.111428100516177","-0.00101426258621906","NaN"
"943","544725","-0.278231666666667","-0.16219","-0.812925"
"944","544727","0.0859807388993656","0.0814913264146655","-1.53368678090575"
"945","544759","-0.197071211552888","-0.0686124228761272","-0.156199275839368"
"946","544836","-0.15313115942029","-0.0343076576576576","0.179523501762632"
"947","544925","0.0809212430426715","0","NaN"
"948","544928","0.125311915535445","0.0765542684766214","0.13666"
"949","544931","0.113456976564909","-0.00991147754137112","0.0472750241545894"
"950","544993","-0.0469596226415094","-0.00648399045760151","-0.187885796387521"
"951","545064","-0.0272203463203464","-0.00251493506493516","-0.0481469696969696"
"952","545333","0.189611206339636","0.0987606409921131","0.0816945959428002"
"953","545338","-0.017135393654524","-0.0564026884722775","-1.08253486238532"
"954","545341","0.0239877341040462","0.00927825584317676","NaN"
"955","545346","-0.396888461538462","0.159025824175824","-0.170485714285714"
"956","545350","-0.00819348747236548","0","NaN"
"957","545358","0.0153921568627451","0","NaN"
"958","545361","0.177084188734821","-0.00283489100097245","NaN"
"959","545404","0.0214463414634146","0.226466341463415","0.11872"
"960","546318","0.0331425422138837","0","NaN"
"961","547179","0.0263007033486866","0.111699749108825","0.385095597484277"
"962","547180","0.121363395685472","-0.00314960783388396","NaN"
"963","547348","0.00907000000000002","0.00907000000000002","0.00240000000000001"
"964","547379","-0.126599758648431","0","NaN"
"965","547749","0.0807815273890444","0.087093936314363","-0.146869558287796"
"966","547874","0.0573419691119691","-0.00867616038443375","0.630091870503597"
"967","547888","0.0059549019607843","-0.0203526737967914","0.0369799242424242"
"968","547973","0.221837459878251","0.252718119218911","-1.31661318681319"
"969","547982","0.199564051927037","-0.00584900329949511","NaN"
"970","547989","0.230711866028708","0","NaN"
"971","548337","-0.137386407219402","0.0418137843514791","0.0898057471264369"
"972","548357","-0.0626683166109253","0.00986681447521709","0.131241797752809"
"973","552662","0.0212908333333334","-0.0291726449275362","NaN"
"974","553869","0","0","NaN"
"975","553872","-0.203194545454545","-0.13064025974026","-0.0332857142857143"
"976","553878","-0.284491609977324","-0.222898266178266","-0.228282166405024"
"977","553970","-0.230295833333333","-0.0918937499999999","-0.44889375"
"978","553988","-0.215485576923077","-0.0143860639360638","NaN"
"979","553993","0.0997421768707484","-0.000262246206174765","NaN"
"980","554234","0.176424155472538","0.118328842090268","0.167091643139469"
"981","554340","-0.132780676439151","-0.0545587837837838","-0.255547598870057"
"982","554429","0.115678915226999","0","NaN"
"983","554431","0.39250990990991","0.329058394758395","0.377741818181818"
"984","554432","0.055314705882353","-0.051485294117647","0.118"
"985","570256","0.1612766718507","-0.00149108515864604","NaN"
"986","570267","0.105210918918919","0","NaN"
"987","570482","0.0140699647887325","0","NaN"
"988","570489","-0.12989706744868","0","NaN"
"989","570560","0.109738314863103","0","NaN"
"990","570615","-0.252956888888889","0","NaN"
"991","570632","0.221082665505226","0.19859740909497","-0.0762352564102564"
"992","570649","0.163782661870504","0.123269443479699","0.157601067323481"
"993","570663","-0.0352235087719299","-0.0353876470588235","-0.0645536119711041"
"994","570717","-0.0218542424242424","0","NaN"
"995","570731","0.0990772911051214","-0.00455005970862188","NaN"
"996","571057","-0.168310346378767","-0.133593730994152","-0.109044923076923"
"997","571431","0.0428067741935483","0","NaN"
"998","571437","0.172151378809869","0","NaN"
"999","571439","-0.228600288600289","-0.175821717171717","-0.31032619047619"
"1000","571448","0.0647377463214392","-0.00295066402815425","NaN"
"1001","571466","-0.133002302769863","0","NaN"
"1002","571467","-0.379065909090909","0","NaN"
"1003","571476","0.11851935483871","0.312002688172043","-0.269016666666667"
"1004","571479","-0.24834613003096","-0.0540165154264973","-0.507629208924949"
"1005","571506","0.0468489277937463","-0.00474111192837401","NaN"
"1006","571510","0.143591572172847","0.0670405796170158","-0.125420223325062"
"1007","571521","-0.123198721227622","-0.0731925120772947","0.259535620915033"
"1008","571527","0.0990216621983914","0.11004009357094","0.381565098039216"
"1009","571553","-0.175679476861167","0","NaN"
"1010","571561","-0.026098443223443","0.0306190170940173","-0.360156825396825"
"1011","571577","0.121458571428571","0.0392350420168067","-0.536883529411765"
"1012","571578","0.110817792207792","0.0387047669977082","0.0553432247899159"
"1013","571584","-0.0759143939393939","0.00965374331550806","-0.489281862745098"
"1014","571656","-0.0309131458966565","0.057286180248896","0.245977897574124"
"1015","571665","0.0389","0","NaN"
"1016","571666","0.137277022269527","0.0794365044046346","0.360098191812527"
"1017","571697","-0.0815198732237392","-0.00214046125362954","NaN"
"1018","571704","0.202448975681651","0.201478239895698","-0.60985624303233"
"1019","571710","0.0322403651903652","0.050308547008547","-0.0721454545454545"
"1020","571735","-0.0502033613445377","0.0646078042328042","0.140993518518518"
"1021","571740","0.118844476927939","0","NaN"
"1022","571760","0.309351960784314","0.207669054801408","0.256150427350427"
"1023","571761","-0.138518571428571","0","NaN"
"1024","571771","-0.177498210947931","-0.00411904260453688","NaN"
"1025","571787","0.105661224489796","0.117148046195222","0.33617015503876"
"1026","571788","0.0732919418589825","-0.00331804980394323","NaN"
"1027","571800","0.110190151515152","0.111985583613917","0.521362098765432"
"1028","571825","0.207386451612903","0","NaN"
"1029","571868","0.127035833333333","0","NaN"
"1030","571871","0.338399295278365","0.281581113460183","-0.206006060606061"
"1031","571875","0.0126051910319114","-0.00304609644861831","NaN"
"1032","571893","-0.295018755169562","-0.186794556451613","0.168129326923077"
"1033","571901","-0.14223097826087","-0.138212796442688","-0.0656351515151514"
"1034","571912","0.0160885714285715","0","NaN"
"1035","571918","0.291939880952381","0","NaN"
"1036","571927","0.326228395061728","0.173642120551925","0.0799970588235295"
"1037","571946","0.131061361184662","0.0900373864550338","0.202545722240069"
"1038","571951","0.090632972027972","0.17105955097534","0.217816578947368"
"1039","571970","-0.12720956010453","-0.00946332850707843","NaN"
"1040","571974","-0.0842329471477435","-0.00340201045018851","NaN"
"1041","571976","0.100992703596527","-0.00381535589845705","NaN"
"1042","572008","0.0461497998993203","-0.0040691371459185","NaN"
"1043","572019","0.0420551948051947","-0.00293843563843565","NaN"
"1044","572020","0.181581501831502","0.117106686236138","0.296448261327714"
"1045","572021","-0.0996502164502164","-0.0423464285714286","0.26232196969697"
"1046","572033","-0.0634779284037559","-0.00457934274755933","NaN"
"1047","572038","-0.00271879674796749","0.0469436243046641","-0.0385655789473685"
"1048","572039","0.202839377971983","0","NaN"
"1049","572041","0.156949681406418","-0.00152950111770456","NaN"
"1050","572070","0.215921728971963","0.122429985852697","0.483364506880734"
"1051","572089","-0.269507936507936","-0.283232380952381","-0.301913333333333"
"1052","572096","0.20974579248366","0.202510343567252","-1.68830015479876"
"1053","572102","0.150896065766295","0.0712600614927905","0.143056303418803"
"1054","572122","0.138757641758101","-0.00155479247646206","NaN"
"1055","572128","-0.0457065615835777","0","NaN"
"1056","572138","0.00840272232304906","0","NaN"
"1057","572180","0.0672969911041339","0","NaN"
"1058","572182","-0.0109416099773242","0","NaN"
"1059","572191","0.135772204453921","0","NaN"
"1060","572193","-0.12165703125","-0.0694568859011628","-0.222393604651163"
"1061","572204","0.153876942212017","-0.00196948153967003","NaN"
"1062","572233","-0.0420619047619047","0","NaN"
"1063","572287","0.0323489438863023","0","NaN"
"1064","572308","-0.395099633699634","-0.0963782051282051","0.241564285714286"
"1065","572309","0.0955949874686717","0.0371807017543859","0.326785714285714"
"1066","572362","-0.0289258215962442","-0.0613883215962442","0.299304166666667"
"1067","572365","-0.0923992919264219","-0.00552342090367264","NaN"
"1068","572403","0.0848607692307692","0.0960702853598014","-0.0565154838709678"
"1069","572750","0.0886892352185089","0.0901842823883203","-0.0727174528301886"
"1070","572761","0.174943183291746","0","NaN"
"1071","572788","0.0689355010660981","0.037315630936228","-0.251255584415584"
"1072","572804","-0.068375","0","NaN"
"1073","572816","-0.00639259946949611","0","NaN"
"1074","572821","0.136815532653563","-0.00184798615772075","NaN"
"1075","572863","0.139307002457002","0","NaN"
"1076","572888","0.108662706855792","0.036027385218365","-0.210796432748538"
"1077","572889","0.97625","0.97625","-2.8947"
"1078","572971","0.161734638232546","0.0859952442931519","0.0447575757575758"
"1079","573046","-0.104203631205674","-0.0931615597484277","-0.0106217583299879"
"1080","573064","-0.206006387434555","-0.0251236601618277","0.0108627272727273"
"1081","573109","0.0900353841460313","0.127841552803546","-1.29874735246925"
"1082","573127","-0.35322053291536","-0.290205614500442","-0.286009324009324"
"1083","573131","-0.0574173671219351","0","NaN"
"1084","573135","0.121284399606299","0","NaN"
"1085","573185","0.377278","0.115806947368421","0.762278947368421"
"1086","573186","-0.0804184466019418","0.0542926645091694","-0.144913888888889"
"1087","573204","-0.266681666666667","-0.08619","0.129541666666667"
"1088","573244","0.04438","0.04118","-0.0448"
"1089","573627","-0.0179168478260869","0","NaN"
"1090","574831","0","0","NaN"
"1091","576397","0.133371344436813","0","NaN"
"1092","578428","0.0197768472719693","0","NaN"
"1093","580792","-0.040234065934066","-0.206414423076923","-0.239008928571429"
"1094","581527","0.0247489224433768","0","NaN"
"1095","588751","0.180463790494907","-0.00215160397871106","NaN"
"1096","591712","0.304144444444444","0","NaN"
"1097","591720","0.47452","0","NaN"
"1098","592091","-0.187865869218501","-0.117838596491228","-0.275936363636364"
"1099","592102","0.245344310776942","0.196533411306043","-1.5406208994709"
"1100","592135","-0.127161176470588","-0.0532440000000001","0.00819364705882353"
"1101","592166","-0.267041666666667","0","NaN"
"1102","592178","0.11029117477685","0","NaN"
"1103","592181","-0.308632336182336","-0.163697494553377","-0.382203619909502"
"1104","592192","0.0671980562175685","-0.00348121547682223","NaN"
"1105","592200","-0.0322946187258688","0","NaN"
"1106","592206","0.0375770790805006","0","NaN"
"1107","592222","-0.238134848484848","-0.236701515151515","-0.421772222222222"
"1108","592230","-0.0516397773279352","0","NaN"
"1109","592239","-0.166804838709677","0","NaN"
"1110","592261","0.00406517106200999","-0.00386599881696803","NaN"
"1111","592273","0.259171454058876","0","NaN"
"1112","592274","-0.252914285714286","0","NaN"
"1113","592314","-0.17848939630497","0.036463700234192","0.411297540983607"
"1114","592329","-0.189303443223443","-0.0650009979209979","-0.226126126126126"
"1115","592332","0.113502206008584","0.041312539341917","0.227890333333333"
"1116","592340","-0.147401654135338","-0.0759793559986924","-0.0319919875776398"
"1117","592341","-0.0538238006520727","0.00713824081523196","-0.143269537480064"
"1118","592346","0.090402950310559","-0.00788990683229807","0.0953285714285714"
"1119","592351","0.174502368866328","0.0212297498187093","0.24691626984127"
"1120","592390","-0.0857409948542024","-0.00111284236153375","0.149814516129032"
"1121","592398","-0.0835852941176471","0.0556288084464555","-0.139802564102564"
"1122","592407","-0.335119871794872","0","NaN"
"1123","592426","0.110578306878307","0.110578306878307","-0.0821857142857143"
"1124","592454","0.0880415032679738","0.198316106442577","-0.0605781746031746"
"1125","592518","0.119988728237903","-0.00238708999167392","NaN"
"1126","592527","0.00494166666666667","-0.002175","-0.0238166666666667"
"1127","592533","-0.28788938028169","-0.109365761234071","-0.017276380952381"
"1128","592570","0.040325","0.040325","-0.4365"
"1129","592593","0.124665337423313","0.0294313568407887","-0.0937589805825243"
"1130","592596","0","0","NaN"
"1131","592609","-0.14907183908046","-0.00941765676567652","NaN"
"1132","592612","-0.220420714285714","-0.128145","0.116552857142857"
"1133","592620","0.101066296296296","0","NaN"
"1134","592621","0.11405101744186","0","NaN"
"1135","592626","0.0574581521176051","-0.00157890016681106","NaN"
"1136","592647","0.00372682488313558","0","NaN"
"1137","592662","0.142217519625604","0.0600726438492063","0.144233385093168"
"1138","592663","0.0618872231567144","-0.00204289677515446","NaN"
"1139","592665","0.0227703305785125","0.0921879529561347","-0.347675104895105"
"1140","592677","-0.0996508538899431","-0.00146422287390036","-0.116272192513369"
"1141","592680","0.09612","0","NaN"
"1142","592696","0.0691095778601878","-0.00198440310674741","NaN"
"1143","592705","-0.0749804812834225","-0.134322727272727","-0.0387951871657755"
"1144","592710","-0.0247705476673428","0","NaN"
"1145","592717","-0.157106861788618","0.0279553333333333","0.308659756097561"
"1146","592741","-0.135547145762712","-0.0548059294117647","-0.3399977666999"
"1147","592743","0.10971308025801","-0.00172771841440023","NaN"
"1148","592767","0.160963919413919","0.0475516005733396","0.613529347826087"
"1149","592774","-0.0788322222222223","0","NaN"
"1150","592781","-0.0531953488372093","-0.0265286821705426","-0.140287878787879"
"1151","592789","0.12462141025641","0.0820111064797272","0.13432302955665"
"1152","592804","-0.186915204194261","-0.0551181803847367","-0.234194642857143"
"1153","592815","-0.0422483516483516","-0.0501769230769231","0.553321428571429"
"1154","592826","0.0712874051942083","0.0184208220697304","0.147528153717627"
"1155","592835","0","0","NaN"
"1156","592836","0.132925292226768","0.0278128380815001","0.288104787234042"
"1157","592863","0.0247806818181818","0","NaN"
"1158","592869","0.14049802631579","0.158357550125313","0.156237301587302"
"1159","592879","0.247737721518987","0.248338774150566","-0.0680389473684211"
"1160","592885","0.173140749863164","0.00263575399198279","NaN"
"1161","593140","0.0680694736842105","-0.0207105263157895","-0.181"
"1162","593372","0.288393263057779","0.121431959780153","0.54411289027076"
"1163","593423","0.0406012987012987","0.0609127272727272","-0.171945714285714"
"1164","593428","0.0767324534816034","-0.00368266509547166","NaN"
"1165","593495","0.209016454081633","0","NaN"
"1166","593525","0.0702999999999999","0","NaN"
"1167","593576","-0.0447990939349113","0.0413162593259583","-0.0186252717391304"
"1168","593582","-0.1086875","-0.1086875","-0.348"
"1169","593643","0.171422957920792","0","NaN"
"1170","593647","0.0309209803921568","0","NaN"
"1171","593871","-0.115716666666667","0","NaN"
"1172","593934","-0.0768465202702703","-0.00140219798111363","NaN"
"1173","593958","0.0729321794871794","0.0753434615384615","-0.0229934798534799"
"1174","594555","1.161775","0","NaN"
"1175","594694","0","0","NaN"
"1176","594736","-0.0313638692098093","0.0196132736473336","-0.00854952380952378"
"1177","594742","0.0529749496981892","0.0391562989045383","-0.380075793650794"
"1178","594762","-0.06485","-0.06485","0.1784"
"1179","594772","0.160151351351351","0.115078624078624","-0.0766727272727273"
"1180","594777","0.148821918790687","0.00194193652265762","NaN"
"1181","594792","-0.169089590762438","-0.159273565121413","-0.549235256410256"
"1182","594798","-0.00280968140183191","-0.0373334283000949","0.275364102564103"
"1183","594807","-0.233623824786325","0","NaN"
"1184","594809","0.175114284485724","0","NaN"
"1185","594815","-0.00300702947845805","-0.00322668759811617","-0.0425863247863248"
"1186","594824","-0.0439884226491407","0","NaN"
"1187","594828","0.0861317086834734","-0.000242692187986338","NaN"
"1188","594835","-0.10930625","-0.169039583333333","-0.473233333333333"
"1189","594838","-0.229131896551724","0","NaN"
"1190","594840","-0.27797937905468","-0.219646686746988","-0.309686538461538"
"1191","594857","-0.207953831417624","-0.244339184952978","-0.411029797979798"
"1192","594940","0.0408200367647059","0","NaN"
"1193","594951","-0.139856848306333","-0.0635342919153554","0.0524404135338347"
"1194","594977","-0.0858476923076923","-0.0548687449392712","0.0834056140350877"
"1195","594986","0.0762165875527426","0.00785408755274264","0.06844375"
"1196","594987","0.0368999999999999","-0.194314285714286","0.356685714285714"
"1197","594988","0.234232051282051","0","NaN"
"1198","595001","0.302649411764706","0.180768300653595","-0.0329"
"1199","595005","-0.00813161764705883","0","NaN"
"1200","595014","-0.052251971830986","0.0905611989007213","-0.104058495934959"
"1201","595025","-0.160243333333333","0","NaN"
"1202","595032","0.242792857142857","0.116147857142857","0.250155"
"1203","595191","-0.0359608870967743","-0.00635137217140103","-0.128077985074627"
"1204","595235","-0.10893","0.0482518181818182","0.209153246753247"
"1205","595281","0.121999703318631","0","NaN"
"1206","595307","-0.269985420875421","-0.199692556750299","-0.418572566496888"
"1207","595371","-0.14895875","-0.14895875","0.2121"
"1208","595386","0.083460672757475","0","NaN"
"1209","595441","0.10457","0.08712","-0.26195"
"1210","595465","-0.09705","-0.09705","-0.05365"
"1211","595879","-0.0640431018518518","-0.0105621360759494","NaN"
"1212","595885","0.122660602636535","-0.00582350089881856","NaN"
"1213","595918","0.0342666666666667","0.0449","-0.375933333333333"
"1214","595978","0.120086514148104","0","NaN"
"1215","596019","0.115458857540926","0","NaN"
"1216","596057","-0.0928645230769231","0.0588392656716419","0.0736191733639495"
"1217","596059","-0.0316926119078662","-0.00303807637284037","NaN"
"1218","596064","0.101353879453879","0.0427627106227106","0.125763376623377"
"1219","596119","0.0596164792524548","0.00341965713439651","NaN"
"1220","596142","0","0","NaN"
"1221","596143","0.120102883200941","-0.00116449647820294","NaN"
"1222","596144","-0.343194888888889","0","NaN"
"1223","596146","0.238342857142857","0","NaN"
"1224","596331","-0.0244059523809524","-0.0244059523809524","-0.017575"
"1225","596748","0.15035881097561","0","NaN"
"1226","598264","-0.156014078282828","-0.0557158471507528","-0.192414268867925"
"1227","598265","0.168737980546549","0","NaN"
"1228","598271","0.299815789473684","0.127415789473684","0.5681"
"1229","598284","0.282820833333333","0","NaN"
"1230","598287","-0.152001115618661","-0.0342609195402299","-0.0736539215686276"
"1231","599096","0.234593624595469","0","NaN"
"1232","599998","-0.000459999999999999","-0.000459999999999999","0.0185"
"1233","600303","0.079384206081081","0","NaN"
"1234","600474","-0.0460499999999999","0","NaN"
"1235","602083","-0.159617344173442","-0.234040576496674","-0.495156565656566"
"1236","605113","0.0269011742682097","-0.00203564988324856","NaN"
"1237","605125","0.105277982240106","0","NaN"
"1238","605131","-0.0679693163751987","-0.0161060810810811","NaN"
"1239","605135","0.281086536675952","0.10210266570821","0.0503994623655913"
"1240","605141","0.133900447647123","-0.00294692273379382","NaN"
"1241","605151","0.0812686781609195","0.0844244473916888","0.0517932692307692"
"1242","605156","0.113728164266013","0.123500935938785","0.200226617826618"
"1243","605169","-0.234268414952188","-0.175967779743476","-0.411023502722323"
"1244","605177","-0.172786383507203","-0.043087262295082","0.014447606060606"
"1245","605200","0.0193537280701753","-0.00163168859649132","0.0739479166666667"
"1246","605218","0.102268421052632","-0.0602458646616542","-0.303334285714286"
"1247","605226","-0.168309090909091","-0.182507142857143","-0.313270779220779"
"1248","605227","0.0776483778711234","0","NaN"
"1249","605228","0.207368117797695","0.0921396822797248","0.402944291754757"
"1250","605232","-0.0129510945273632","-0.00289337522911759","-0.0771622807017543"
"1251","605253","0","0","NaN"
"1252","605288","0.041525","0.041525","-0.16665"
"1253","605304","0.268698434004474","0.143909545115585","0.446461111111111"
"1254","605309","-0.0881084068627449","-0.0567785833333332","-0.223590764705882"
"1255","605317","-0.0484048387096774","-0.0184834101382488","-0.0752035714285714"
"1256","605323","-0.0308676282051281","0","NaN"
"1257","605333","-0.302441176470588","-0.243075882352941","-0.0451405882352942"
"1258","605338","-0.403542857142857","-0.204128571428571","-0.2187"
"1259","605347","0.0955729166666667","0.159542147435897","0.332669230769231"
"1260","605359","0.322776040353089","0.299077322404371","-0.350221794871795"
"1261","605374","-0.21537339031339","0.00288096153846151","-0.0119197222222223"
"1262","605388","0.2151056","0.106279700294985","0.326947433628319"
"1263","605396","0.115965277777778","0.111467777777778","-0.416235"
"1264","605400","0.199026485759139","0.0744101396052926","0.128145192307692"
"1265","605412","0.0280672870370371","0","NaN"
"1266","605439","0.161283333333333","0","NaN"
"1267","605452","0.232511799005316","0.0946678389212827","0.334613392857143"
"1268","605476","0.362201785714286","0.334371468253968","-0.488818888888889"
"1269","605477","0.00248461538461539","0.0196179487179487","0.184633333333333"
"1270","605486","-0.0222703834094286","-0.00284805636540331","NaN"
"1271","605509","-0.0650419638447102","-0.00378859740975479","NaN"
"1272","605512","0.140038541666667","-0.00573751965408809","NaN"
"1273","605538","0.235942156862745","0.0562757330216854","0.37166357615894"
"1274","605541","0.214355555555556","0.0307296296296297","0.227149074074074"
"1275","605894","-0.0161058441558442","-0.0082887012987013","0.167474285714286"
"1276","606160","0.0034327659574469","0.288872765957447","0.22464"
"1277","606273","0.113265960425611","0.0711710190766378","0.344332331378299"
"1278","606299","-0.2692","0","NaN"
"1279","606466","0.141775014757969","-0.00980513230085422","NaN"
"1280","607054","0.195015744107744","-0.00346027391027381","NaN"
"1281","607067","-0.0860076388888888","0.021995984299517","0.213570289855072"
"1282","607068","0.00308888888888892","-0.0210611111111111","-0.37155"
"1283","607074","0.217538932755986","0.168779304635762","0.099117294956699"
"1284","607208","0.221509545454545","0","NaN"
"1285","607259","0.189917193140794","0.152504322770424","0.212445462962963"
"1286","607309","0.0187425324675324","-0.0406821428571429","0.269957142857143"
"1287","607359","-0.403472986748216","-0.394008607663249","-0.374887472766884"
"1288","607374","0.254858074534162","0.0736366459627329","0.423841071428572"
"1289","607385","0.0612870731301015","0","NaN"
"1290","607387","-0.0197827838827839","0","NaN"
"1291","607405","0.0161571428571429","0.0161571428571429","-0.0725"
"1292","607457","0.0760951836734693","0.18669366643209","-0.202501517241379"
"1293","607680","-0.0100724069889889","-0.00418535677805343","NaN"
"1294","607776","-0.200582352941177","0","NaN"
"1295","607968","-0.193371428571429","0.0288285714285713","-0.3538"
"1296","608070","-0.0309043304843305","0","NaN"
"1297","608167","-0.166079591836735","-0.14364387755102","0.313835714285714"
"1298","608336","0.070290731707317","0","NaN"
"1299","608349","0.00481154306220088","0.0282758287764866","-0.148091964285714"
"1300","608365","0.135600781505728","0","NaN"
"1301","608369","0.0227145526057031","0","NaN"
"1302","608379","0.221142374541004","0.0992669273865321","-0.00098878048780493"
"1303","608596","-0.131412679425837","0","NaN"
"1304","608641","0.268290407673861","0.131287377370831","1.28509696969697"
"1305","608648","0.128741087866109","0.185564366554633","0.628473278688525"
"1306","608665","0.0590171026156942","0.0790822454728369","0.607012761904762"
"1307","608671","0.0701033266129033","-0.0100283309957924","NaN"
"1308","608672","-0.0703674369747899","0.00340119047619047","NaN"
"1309","608678","0.178582952182952","0.307867567567568","-0.135515384615385"
"1310","608700","0.128381472332016","-0.00427983719179381","NaN"
"1311","608701","0.254374782608696","0","NaN"
"1312","611093","-0.0365161538461539","-0.00223470588235297","-0.142941628959276"
"1313","611177","0.0435382548573429","0","NaN"
"1314","612272","-0.098067857142857","-0.229647222222222","-0.191550793650794"
"1315","612434","0.0890463186077644","0.124751369112815","-1.00317828282828"
"1316","612672","0.120676543310955","0.0746444949238579","0.309013112903226"
"1317","621035","0.129685857142857","0","NaN"
"1318","621043","0.202239238539238","0","NaN"
"1319","621121","0.179058607350097","0.10904375655204","0.196139694656489"
"1320","621209","-0.108783333333333","0.0762375","0.348920833333333"
"1321","621281","-0.160843333333333","0.0967488235294117","-0.108074509803922"
"1322","621397","-0.164856223776224","0.169317008547009","-0.383726767676768"
"1323","621408","-0.151304930006086","-0.117042785793563","-0.0572507590132827"
"1324","621439","0.153621921921922","0","NaN"
"1325","621962","-0.511869047619048","-0.105856666666667","-0.0272447619047619"
"1326","622072","0.217289645236135","0.0933300411305631","0.37312426686217"
"1327","622110","0.174981737770829","-0.00314081164425817","NaN"
"1328","622663","0.128372727272727","0.0485212121212121","0.28680303030303"
"1329","623143","-0.0435001788908767","0","NaN"
"1330","623184","-0.0695783120173745","0.0227008073008073","-0.171305255681818"
"1331","623395","-0.0290362178134235","0.0236395792880258","-0.192654637681159"
"1332","623430","0.254938461538462","0.2112","-0.584715384615385"
"1333","624424","0.00710650023551573","0","NaN"
"1334","624577","0.138822731727236","0","NaN"
"1335","624585","0.162509178217822","-0.00106523057644092","NaN"
"1336","625329","0.200548888888889","0","NaN"
"1337","628329","0.0897282433829146","0.00068444828911951","NaN"
"1338","628333","-0.0472679975617191","-0.0171615269734837","0.0305152941176471"
"1339","628356","0.0650767204301075","-0.00127113830181669","NaN"
"1340","628452","0.286791692872117","0.0979217275943396","0.206435590277778"
"1341","630111","0.039750991089289","-0.00529485140155339","NaN"
"1342","641490","-0.177459920459567","-0.142625100725222","-0.0465296963946868"
"1343","641627","0.0544198072139301","0.0474762765121759","-0.286881030701754"
"1344","643327","0.108791805555555","0.0639219642857143","-0.00371428571428567"
"1345","645848","0.234698333333333","0","NaN"
"1346","648717","-0.0396031133514063","0","NaN"
"1347","648737","-0.0536471557682084","0.100202641802642","-0.0751238866396761"
"1348","656941","0.135959706959707","0","NaN"
